SMILES,YSI,YSI_err,Source
CC(CC(C)(C)C)CC(C)(C)CC(C)(C)C,128,6.4,Pfefferle
C=COCC1CCC(COC=C)CC1,130.5,6.5,Pfefferle
CCCCCCCC1CCC(=O)O1,58.2,2.9,Pfefferle
CCCCCCCCCC(=O)OCC,58,2.9,Pfefferle
CCCCCCCCCC(=O)OCCCC,82.6,4.1,Pfefferle
CC(C)CCCC1CCC2CCCC2C1,155.4,7.8,Pfefferle
CCC1CCC(CCCC(C)C)CC1,130.7,6.5,Pfefferle
CC(C)CCCC1CCC(C)C(C)C1,157.9,7.9,Pfefferle
CCCCC1(CCCC)CCO1,74.7,3.7,Pfefferle
CCCCCCC1CCO1,52.7,2.6,Pfefferle
CCCCCCCCC1CCO1,67.1,3.4,Pfefferle
CCCCCCCCCC1(C)CCO1,90.2,4.5,Pfefferle
CCCCC1(CCCC)COC1,89.3,4.5,Pfefferle
CCCCCCCCCCC1CCO1,78.9,3.9,Pfefferle
CCCCCCC1(CC)CCO1,73.2,3.7,Pfefferle
CCCCCC1(CCC)CCO1,87.5,4.4,Pfefferle
CCCCOC(C)C(=O)OC,26.3,1.3,Pfefferle
CCCCCCOC(C)C(=O)OC,41.6,2.1,Pfefferle
CC(C)COC(=O)C(C)OCC(C)C,68.1,3.4,Pfefferle
CC(C)CCOC(=O)C(C)OCCC(C)C,74.5,3.7,Pfefferle
CCCCCCCCOC(C)C(=O)OCC,51.7,2.6,Pfefferle
COC(=O)C(C)OCC1CC1,43.5,2.2,Pfefferle
CCOC(=O)CC(OCC)OCC,27.4,1.4,Pfefferle
CC(C)CCOCCCC(=O)OCCC(C)C,81.7,4.1,Pfefferle
CC(C)CCOCC(=O)OCCC(C)C,70.6,3.5,Pfefferle
CCCCCCCCCCCCCCCC,88.25786508,4.412893254,Pfefferle
CCCCCCCCCCCCCCC,84.11564162,4.205782081,Pfefferle
CCCCCCCCCCCCCC,78.43050339,3.92152517,Pfefferle
CCCCCCCCCCCCC,72.51296673,3.625648337,Pfefferle
CCCCCCCCCCCC,67.05521295,3.352760648,Pfefferle
CCCCCCCCCCC,60.0889102,3.00444551,Pfefferle
CCCCCCCCCC,54.00615122,2.700307561,Pfefferle
CC(C)(C)c1ccco1,107.5,,Pfefferle
CC#CCCC,66.9,,Pfefferle
CC#CCCCC,75.2,,Pfefferle
CC#CCCCCC,81.2,,Pfefferle
CCC(C)CCCC(C)CCCC(C)C,109.8,,Pfefferle
CCCCCOCCCCC,49.8,,Pfefferle
CCOCCOCCO,15.1,,Pfefferle
COC(C)COC(C)COC(C)CO,40.6,,Pfefferle
CCCCCCCC(C)O,47.3,,Pfefferle
CCCCCCOC(=O)CCCCC,66.7,,Pfefferle
CCCCCCCCCC(=O)OC,50.4,,Pfefferle
CCCCOC(CCC)CCC,60.3,,Pfefferle
CCCCCC(CCCCC)OCC,68.5,,Pfefferle
CCCCCCOC(CCC)CCC,73.3,,Pfefferle
CCCCCCCCCCC(=O)OC,58.5,,Pfefferle
O=CCc1ccccc1,217.6,,Pfefferle
CC(=O)c1ccccc1,130.8,,Pfefferle
Cc1ccco1,41.5,,Pfefferle
CCc1ccco1,46.9,,Pfefferle
CCCc1ccco1,53.8,,Pfefferle
CCCCc1ccco1,58.6,,Pfefferle
Cc1ccoc1C,54.6,,Pfefferle
Cc1ccc(C)o1,55.1,,Pfefferle
C1CCOC1,20.1,,Pfefferle
C1=COCC1,24.9418789,,Pfefferle
C1=CCOC1,25.1153902,,Pfefferle
CC1CCCO1,30.55889337,,Pfefferle
CC1CCC(C)O1,43.4,,Pfefferle
O=Cc1ccco1,28.3,,Pfefferle
OCc1ccco1,38.06353139,,Pfefferle
Cc1ccc(C=O)o1,44.11601392,,Pfefferle
COc1ccccc1,111,,Pfefferle
OCc1ccccc1,189,,Pfefferle
Cc1cccc(O)c1,103,,Pfefferle
O=Cc1ccccc1,119,,Pfefferle
CCc1ccccc1,216,,Pfefferle
CCOc1ccccc1,112,,Pfefferle
COCc1ccccc1,202,,Pfefferle
CC(O)c1ccccc1,142,,Pfefferle
OCCc1ccccc1,207,,Pfefferle
CCc1ccccc1O,120,,Pfefferle
CCc1cccc(O)c1,138,,Pfefferle
Cc1ccccc1C,200,,Pfefferle
Cc1ccc(C)cc1,202,,Pfefferle
COc1ccccc1C,122,,Pfefferle
COc1cccc(C)c1,126,,Pfefferle
COc1ccc(C)cc1,123,,Pfefferle
Cc1cccc(CO)c1,243,,Pfefferle
Cc1ccc(O)c(C)c1,144,,Pfefferle
Nc1ccccc1,84.56914113,,Pfefferle
CCCCCCN,26.63057754,,Pfefferle
c1ccncc1,34.6323542,,Pfefferle
C1CCNCC1,23.05635044,,Pfefferle
C1COCCN1,8.768395092,,Pfefferle
C1CCNC1,13.84318013,,Pfefferle
CC(C)NC(C)C,32.00716564,,Pfefferle
CC(C)(C)N,21.09697983,,Pfefferle
CCCCN,15.04215796,,Pfefferle
CC(C)CN,23.36464274,,Pfefferle
CCC(C)N,18.55823394,,Pfefferle
CNC(C)C,18.10543146,,Pfefferle
Cc1ccccn1,64.97090146,,Pfefferle
Cc1cccnc1,66.0562009,,Pfefferle
Cc1ccncc1,65.65246501,,Pfefferle
Cc1ccccc1N,114.4255294,,Pfefferle
Cc1cccc(N)c1,119.647186,,Pfefferle
CC1CCCCN1,27.31104739,,Pfefferle
CC1CCCNC1,33.6263656,,Pfefferle
CCCNCCC,22.45477328,,Pfefferle
CC(C)(C)CCN,40.79086278,,Pfefferle
C1=CCNCC1,32.92668155,,Pfefferle
C#CCN,25.35433141,,Pfefferle
C=CCN(C)C,34.60957652,,Pfefferle
C=CCN,30.79115174,,Pfefferle
NC=O,-3.101523802,,Pfefferle
CCNC=O,4.309106681,,Pfefferle
CCCCCNC=O,19.13820219,,Pfefferle
O=CNCCc1ccccc1,216.7834315,,Pfefferle
c1ccc2ncccc2c1,214.5991418,,Pfefferle
CCCCNCCCC,31.27368765,,Pfefferle
CCCCN(CCCC)CCCC,53.38336142,,Pfefferle
CN(C)C=O,6.550386843,,Pfefferle
CC(=O)N(C)C,9.688635793,,Pfefferle
Cc1ccc2ccccc2n1,311.1865273,,Pfefferle
CCCCNc1ccccc1,124.4855873,,Pfefferle
CCCCC(CC)CO[N+](=O)[O-],39.15580129,,Pfefferle
CCCCON=O,11.20918343,,Pfefferle
CC(C)(C)ON=O,11.19284154,,Pfefferle
CC(C)O[N+](=O)[O-],1.053112827,,Pfefferle
Cn1ccc2ccccc21,220.1179267,,Pfefferle
c1ccc2c(c1)CCN2,176.0525589,,Pfefferle
N=C(c1ccccc1)c1ccccc1,447.5709225,,Pfefferle
C1CN=C2CCCN2C1,27.89167748,,Pfefferle
c1ccc2c(c1)CCCN2,155.0636433,,Pfefferle
CC#N,1.029007561,,Pfefferle
C=CC#N,12.85554465,,Pfefferle
c1ccnnc1,15.43851191,,Pfefferle
CC(=O)n1ccc2ccccc21,187.0776255,,Pfefferle
C1CNC1,6.102034366,,Pfefferle
CC(C)(C)C(=N)C(C)(C)C,62.29861294,,Pfefferle
CCC(=O)NC,7.022612207,,Pfefferle
C1CCC2=NCCCN2CC1,45.91272698,,Pfefferle
O=[N+]([O-])c1ccccc1,98.94593855,,Pfefferle
c1cc[nH]c1,22.91453586,,Pfefferle
NCc1ccccc1,196.8211718,,Pfefferle
CCCCC#N,21.65767373,,Pfefferle
CNCc1ccccc1,193.0460888,,Pfefferle
CCNc1ccccc1,110.8116618,,Pfefferle
CNc1ccccc1,104.1713724,,Pfefferle
CCC#N,11.40452112,,Pfefferle
CC(N)c1ccccc1,143.8798862,,Pfefferle
CCCC#N,15.77524525,,Pfefferle
C=CC(OC)OC,15.5,,Pfefferle
C=CC(OCC)OCC,26.6,,Pfefferle
CCCCOCOCCCC,47.7,,Pfefferle
CC1(C)OCC(CO)O1,18.7,,Pfefferle
CC1OCCO1,11.1,,Pfefferle
CC1(C)OCCO1,17.4,,Pfefferle
CC1COC(C)(C)O1,25.6,,Pfefferle
CCC1(C)OCCO1,21.1,,Pfefferle
CCC(CC)C1OC(C)C(C)O1,57.8,,Pfefferle
CCCCC(CC)C1OC(C)C(C)O1,68.5,,Pfefferle
CCCC1OC(C)C(C)O1,36.5,,Pfefferle
CCCCCC1OC(C)C(C)O1,48.7,,Pfefferle
CCCCCCCC1OC(C)C(C)O1,63.2,,Pfefferle
CCCCCC(OCC)OCC,42.9,,Pfefferle
CCCCCCCC(OCC)OCC,59.6,,Pfefferle
c1ccc(-c2ccccc2-c2ccccc2)cc1,1338.9,50,Pfefferle
c1cc2c3c(c1)ccc1cccc(c13)C2,1312.8,73.5,Pfefferle
c1ccc2c(c1)-c1cccc3cccc-2c13,1291.9,72.4,Pfefferle
c1ccc(-c2cccc(-c3ccccc3)c2)cc1,1286.6,72.3,Pfefferle
c1cc2ccc3cccc4ccc(c1)c2c34,1250.1,70.1,Pfefferle
c1ccc(Cc2ccc(-c3ccccc3)cc2)cc1,1192.6,67.2,Pfefferle
Cc1c2ccccc2cc2ccccc12,1182.1,44.1,Pfefferle
c1ccc(-c2cccc3ccccc23)cc1,1103.7,41.4,Pfefferle
c1ccc(C(c2ccccc2)c2ccccc2)cc1,1093.3,61.5,Pfefferle
c1ccc2c(c1)CCc1ccccc1C2,1067.2,40.1,Pfefferle
Cc1cccc2c1Cc1ccccc1-2,1014.9,38.2,Pfefferle
c1ccc2c(c1)Cc1ccccc1C2,988.8,37,Pfefferle
c1ccc2c(c1)Cc1ccccc1-2,988.8,37,Pfefferle
Cc1ccccc1-c1ccccc1C,983.5,36.9,Pfefferle
c1ccc2cc3ccccc3cc2c1,962.6,103.7,Pfefferle
c1ccc2c(c1)CCc1ccccc1-2,952.2,35.7,Pfefferle
c1ccc2c(c1)ccc1ccccc12,941.7,35.1,Pfefferle
C1=C(c2ccccc2)Cc2ccccc21,931.3,35,Pfefferle
Cc1cccc(-c2cccc(C)c2)c1,931.3,52.9,Pfefferle
Cc1ccc(-c2ccc(C)cc2)cc1,899.9,51.2,Pfefferle
Cc1ccccc1-c1ccccc1,863.3,32.5,Pfefferle
CCCCCc1ccc(-c2ccccc2)cc1,863.3,32.5,Pfefferle
CCCCc1ccc(-c2ccccc2)cc1,847.7,31.8,Pfefferle
CCCc1ccc(-c2ccccc2)cc1,821.5,30.6,Pfefferle
CCc1ccc(-c2ccccc2)cc1,811.1,30.5,Pfefferle
CCC(c1ccccc1)c1ccccc1,805.8,30.5,Pfefferle
c1cc2c3c(cccc3c1)CC2,805.8,30.5,Pfefferle
Cc1cccc2c(C)cccc12,779.7,29.3,Pfefferle
Cc1cccc(-c2ccccc2)c1,779.7,29.3,Pfefferle
Cc1ccc2cc(C)ccc2c1,774.5,29.2,Pfefferle
Cc1ccc(-c2ccccc2)cc1,769.3,28.7,Pfefferle
C/C(=C\c1ccccc1)c1ccccc1,753.6,28.5,Pfefferle
Cc1cc2ccccc2cc1C,748.4,28,Pfefferle
C=C(c1ccccc1)c1ccccc1,743.1,28,Pfefferle
Cc1ccc2ccccc2c1C,743.1,28,Pfefferle
Cc1cc(C)c2ccccc2c1,743.1,28,Pfefferle
CCc1cccc2ccccc12,732.7,27.4,Pfefferle
CC(C)(c1ccccc1)c1ccccc1,727.5,27.3,Pfefferle
Cc1ccc(C)c2ccccc12,711.8,26.7,Pfefferle
CCc1ccc2ccccc2c1,701.3,26.6,Pfefferle
Cc1cccc2ccccc12,649.1,24.7,Pfefferle
Cc1ccc2ccccc2c1,649.1,24.7,Pfefferle
C(#Cc1ccccc1)c1ccccc1,638.6,24.1,Pfefferle
c1ccc(-c2ccccc2)cc1,612.5,22.9,Pfefferle
c1ccc(Cc2ccccc2)cc1,612.5,22.9,Pfefferle
Cc1cccc2c1CCCC2C,607.3,22.9,Pfefferle
C(=C\c1ccccc1)\c1ccccc1,602,22.8,Pfefferle
C(=C/c1ccccc1)\c1ccccc1,602,34.8,Pfefferle
Cc1c(C)c(C)c(C)c(C)c1C,565.4,21.5,Pfefferle
Cc1ccc(CCc2ccc(C)cc2)cc1,549.8,20.9,Pfefferle
C#Cc1cc(C)ccc1C,512.7,19.6,Pfefferle
CC1=Cc2ccccc2C1,500.1,19.1,Pfefferle
c1ccc2cccc-2cc1,492.3,19,Pfefferle
C#Cc1ccccc1C,485,18.5,Pfefferle
Cc1cc(C)c(C)c(C)c1C,481.8,18.4,Pfefferle
CCC#Cc1ccccc1,480.8,18.4,Pfefferle
c1ccc(CCc2ccccc2)cc1,471.4,17.9,Pfefferle
C=Cc1cc(C)ccc1C,469.3,17.8,Pfefferle
C1=Cc2ccccc2C1,467.7,17.8,Pfefferle
C1=Cc2ccccc2CC1,466.1,17.8,Pfefferle
c1ccc2ccccc2c1,466.1,8.4,Pfefferle
C#CCc1ccccc1,443.7,17.1,Pfefferle
C#Cc1ccc(CC)cc1,442.6,17.1,Pfefferle
c1ccc2c(c1)CCC2,439.5,16.6,Pfefferle
CC(C)=Cc1ccccc1,436.9,16.6,Pfefferle
CC#Cc1ccccc1,427.5,16.5,Pfefferle
c1ccc(CCCc2ccccc2)cc1,413.9,15.9,Pfefferle
Cc1ccc(C(C)(C)C)cc1,410.8,15.9,Pfefferle
C=Cc1ccccc1C,408.1,15.9,Pfefferle
Cc1ccc(C)c(C)c1C,393,15.3,Pfefferle
Cc1cc(C)c(C)cc1C,393,15.3,Pfefferle
Cc1cc(C)c(C)c(C)c1,386.2,14.8,Pfefferle
C#Cc1cccc(C)c1,384.6,14.7,Pfefferle
c1ccc(C2CCCCC2)cc1,377.3,14.7,Pfefferle
CCc1ccccc1CC,376.3,14.7,Pfefferle
C#Cc1ccc(C)cc1,374.7,14.7,Pfefferle
CC(C)c1cccc(C(C)C)c1,353.3,14,Pfefferle
C/C=C/c1ccccc1,352.2,13.5,Pfefferle
c1ccc(C2CC2)cc1,343.9,13.5,Pfefferle
c1ccc2c(c1)CCCC2,336,13.4,Pfefferle
Cc1ccc(C(C)C)cc1,330.3,12.9,Pfefferle
CCCCCCCCCCCCCCc1ccccc1,330.3,20.2,Pfefferle
C=Cc1cccc(C)c1,322.4,12.8,Pfefferle
CCc1cccc(CC)c1,320.9,12.8,Pfefferle
O=C(c1ccccc1)c1ccccc1,319.8,19.6,Pfefferle
CCCCCCCCCCCCCc1ccccc1,319.8,12.8,Pfefferle
C=Cc1ccc(C)cc1,318.8,12.8,Pfefferle
Cc1cccc(C)c1C,315.1,12.3,Pfefferle
C=CCc1ccccc1,310.9,12.3,Pfefferle
Cc1cc(C)cc(C)c1,310.9,12.3,Pfefferle
Cc1ccc(C)c(C)c1,308.3,12.2,Pfefferle
CCCCCCCCCCCCc1ccccc1,304.1,12.2,Pfefferle
C#CCCc1ccccc1,298.9,11.7,Pfefferle
CCCCCCCCCCCc1ccccc1,293.7,11.7,Pfefferle
CC(C)(C)c1ccccc1,291.1,11.6,Pfefferle
C=C(C)c1ccccc1,286.4,11.6,Pfefferle
CCCCCCCCCCc1ccccc1,283.2,11.6,Pfefferle
CCCCCCCCCc1ccccc1,283.2,11.6,Pfefferle
CCc1cccc(C)c1,278,11.1,Pfefferle
C=CCCc1ccccc1,275.9,11.1,Pfefferle
CC(C)(C)Cc1ccccc1,272.8,11,Pfefferle
CCc1ccc(CC)cc1,270.7,11,Pfefferle
CCc1ccccc1C,267,11,Pfefferle
CC(C)CCc1ccccc1,258.1,10.5,Pfefferle
CC(C)Cc1ccccc1,257.6,10.5,Pfefferle
CCc1ccc(C)cc1,257.1,10.5,Pfefferle
CCCCCCCc1ccccc1,257.1,10.5,Pfefferle
CCCCCCCCc1ccccc1,257.1,10.5,Pfefferle
CCCCCc1ccccc1,255,10.5,Pfefferle
CCCCCCc1ccccc1,246.7,9.9,Pfefferle
CCCCc1ccccc1,245.1,9.9,Pfefferle
c1ccc(Oc2ccccc2)cc1,241.4,9.9,Pfefferle
CCCc1ccccc1,235.7,9.9,Pfefferle
Cc1cccc(C)c1,221.6,9.3,Pfefferle
C#Cc1ccccc1,216.3,9.3,Pfefferle
CCC(C)c1ccccc1,199.1,8.7,Pfefferle
CC1=CC2C3CC(C=C3C)C2C1,189.2,8.2,Pfefferle
CC(C)c1ccccc1,187.6,8.2,Pfefferle
CC1=CCC=CC1,175.6,7.7,Pfefferle
C=Cc1ccccc1,174,7.7,Pfefferle
Cc1ccccc1,170.9,7.7,Pfefferle
C1=CC2C3C=CC(C3)C2C1,157.8,7.2,Pfefferle
Brc1ccccc1,137.4,6.7,Pfefferle
Clc1ccccc1,128,6.7,Pfefferle
N#Cc1ccccc1,115,6.3,Pfefferle
Fc1ccccc1,106.6,5.8,Pfefferle
C1CCC2CCCCC2C1,105.5,5.8,Pfefferle
C1=CCC=CC1,101.4,5.8,Pfefferle
c1ccccc1,100.3,5.8,Pfefferle
C1CCC(C2CCCCC2)CC1,117.1,5.9,Pfefferle
CC(CC(C)(C)C)CC(C)(C)C,99.3,2.9,Pfefferle
C1=CCCC=C1,98.8,5.8,Pfefferle
CC1=CCCC1,96.5,2.8,Pfefferle
C=CCCCCCCCCCC,90.3,2.6,Pfefferle
CC(C)=CC(C)(C)C,89.3,2.6,Pfefferle
CC(C)=C(C)C(C)C,87,2.5,Pfefferle
CC1CCC(C)C(C)C1,82.8,2.4,Pfefferle
CCCCC1CCCCC1,76.8,2.2,Pfefferle
C=CCCCCCCCC,74.8,2.2,Pfefferle
CC(C)C1CCCCC1,74.7,2.2,Pfefferle
C#CCCCCCC,74.1,2.2,Pfefferle
C=C(C)C(C)(C)C,72.8,2.2,Pfefferle
C1=CCCC1,70.2,2.1,Pfefferle
CCCC1CCCCC1,69.2,2.1,Pfefferle
C=C(C)CC(C)(C)C,68.5,2.1,Pfefferle
CC1(C)CCCCC1,67.9,2.1,Pfefferle
C=CCCC(=C)C,67.7,2.1,Pfefferle
CC1CCCC(C)C1,67.6,2.1,Pfefferle
CC1CCC(C)CC1,67.6,2.1,Pfefferle
CC(C)(C)C(=O)C(C)(C)C,65.8,2,Pfefferle
C[C@H]1CCCC[C@H]1C,65.2,2,Pfefferle
CCCCC=C(C)C,64.5,2,Pfefferle
C=CCCCCCCC,64.4,2,Pfefferle
CC(C)CCOCCC(C)C,63.6,2,Pfefferle
CC(C)=C(C)C,62.4,2,Pfefferle
CC(CC=O)CC(C)(C)C,62.3,2,Pfefferle
COC1CCCC1,62.3,2,Pfefferle
CC(C)CC(C)(C)C,61.7,2,Pfefferle
C=CCC(C)(C)C,61.4,2,Pfefferle
CC(C)C(C)C(C)C,60.9,2,Pfefferle
CCC1CCCCC1,60.7,2,Pfefferle
CCCCC(C)C(C)C,60.2,2,Pfefferle
CC=C(CC)CC,59.8,2,Pfefferle
CCC/C=C/CCC,59.8,2,Pfefferle
CC(CO)CC(C)(C)C,59,2,Pfefferle
CC/C=C/CCCC,58.8,2,Pfefferle
CCC1CCCC1,58.6,2,Pfefferle
C1CCCCCCC1,57.7,2,Pfefferle
C/C=C/CCCCC,56.7,2,Pfefferle
C=C(C)CCCCC,56.6,2,Pfefferle
CCC(C)CC(C)C,56.1,2,Pfefferle
CC(C)CCC(C)C,56.1,2,Pfefferle
C=CCCCCCC,56,2,Pfefferle
CC(C)CC(=O)CC(C)C,55.8,2,Pfefferle
C=CCC(C)CC,55.8,2,Pfefferle
CC(C)C(C)(C)C,55.3,2,Pfefferle
CCC(C)C(C)CC,55.2,2,Pfefferle
CC#CCC,54.7,2,Pfefferle
C/C=C\C(C)C,54.1,2,Pfefferle
CCC(C)OC(C)CC,54,2,Pfefferle
C/C=C(\C)CC,53.7,2,Pfefferle
CCC=C(C)C,53.6,2,Pfefferle
CC1CCCCC1,53.6,2,Pfefferle
CC/C=C/CCC,53.5,2,Pfefferle
C=C(C)C(C)C,53.4,2,Pfefferle
C=CC(C)(C)C,53.1,2,Pfefferle
CCCCC(C)(C)C,52.8,2,Pfefferle
CCCCCCCCCC=O,52.8,2,Pfefferle
CCCCCCCCC(C)=O,51.9,2,Pfefferle
C/C=C\CCCC,50.8,2,Pfefferle
CCCC(CO)CCC,50.5,2,Pfefferle
CCCCC(CC)CO,50.4,2,Pfefferle
CC1CCCC1,50.3,2,Pfefferle
CCCCCCCC(=O)CC,50.2,2,Pfefferle
C=CCC(C)C,50.2,2,Pfefferle
CCCCCCCCC,50.1,2,Pfefferle
C1CCCCCC1,50,2,Pfefferle
CC(C)CC(C)C,49.6,2,Pfefferle
CCC(C)C(C)C,49.4,2,Pfefferle
CCCCCC(C)C,49.4,2,Pfefferle
C=C(C)CCCC,49.1,2,Pfefferle
CCCCC(C)CC,48.7,2,Pfefferle
C=CCCCCC,48.4,2,Pfefferle
CCCCC(C=O)CCCC,48.2,2,Pfefferle
CCCC(C)CCC,48.1,2,Pfefferle
CCC(C)(C)CC,47.7,2,Pfefferle
CCCC(C)(C)C,47.4,2,Pfefferle
C#CCCC,47.3,2,Pfefferle
CC/C=C/CC,47.2,2,Pfefferle
CCCCCCC(C)O,46.1,2,Pfefferle
CCC(O)C(C)(C)C,46,2,Pfefferle
C/C=C/CCC,45.8,2,Pfefferle
C=C(CC)CC,45.6,2,Pfefferle
C1=CCCCC1,45.6,2,Pfefferle
CC/C=C/CC(=O)OC,45.3,2,Pfefferle
CCCCCCCC(C)=O,45.1,2,Pfefferle
C=CC(C)CC,45.1,2,Pfefferle
CC(C)CCC(C)O,44.7,2,Pfefferle
C/C=C\CCC,44.7,2,Pfefferle
CC(O)COC(C)(C)C,44,2,Pfefferle
CC(C)C(C)C,44,2,Pfefferle
CCCCC(O)CCC,43.8,2,Pfefferle
CCCCCCCCC=O,43.7,2,Pfefferle
CCCCCC(O)CC,43.6,2,Pfefferle
CC(=O)OCCC(C)C,43.6,2,Pfefferle
CC=C(C)C,43.5,2,Pfefferle
CCC(=O)CC(C)CC,43.5,2,Pfefferle
CCC(C)(C)C,43.4,2,Pfefferle
CCCCOC(=O)CC,43.3,2,Pfefferle
CCCC(C)CC,43,2,Pfefferle
CCCCCCC(=O)CC,43,2,Pfefferle
C=C(C)CCC,42.9,2,Pfefferle
CC(=O)CC(C)(C)C,42.7,2,Pfefferle
C1CCCCC1,42.7,2,Pfefferle
CC(C)C(=O)C(C)C,42.6,2,Pfefferle
CCCCCCCC,42.6,2,Pfefferle
C=CCCCC,42.4,2,Pfefferle
CCCCC(C)C,42.4,2,Pfefferle
OC1CCCCC1,42.3,2,Pfefferle
CC(C)CC(C)O,42,2.1,Pfefferle
CCC=C(C)C(=O)OC,42,2.1,Pfefferle
CC(C)C(O)C(C)C,41.9,2.1,Pfefferle
CCCCC(C)(C)O,41.8,2.1,Pfefferle
CCCCC(=O)CCCC,41.8,2.1,Pfefferle
CCC(CC)CO,41.7,2.1,Pfefferle
C=CCCC(=O)OCC,41.2,2.1,Pfefferle
CCCCCCCCO,41.1,2.1,Pfefferle
CCC(=O)OCC(C)C,41.1,2.1,Pfefferle
CC(C)(C)CCO,40.9,2.1,Pfefferle
CC(C)C(C)(C)O,40.6,2.1,Pfefferle
CC(=O)C(C)(C)C,40.6,2.1,Pfefferle
CCC(O)(CC)CC,40.5,2.1,Pfefferle
CCC(=O)OC(C)(C)C,40.5,2.1,Pfefferle
CC(O)C(C)(C)C,40.4,2.1,Pfefferle
CCCCCOC(C)=O,40.4,2.1,Pfefferle
C/C=C\CC,39.8,2.1,Pfefferle
CCOC(=O)C=C(C)C,39.5,2.1,Pfefferle
CCCCCC(C)O,39.4,2.1,Pfefferle
C1CCCC1,39.4,2.1,Pfefferle
C=CCCCC(=O)OC,39.2,2.1,Pfefferle
CCCCCCCC(=O)OC,38.9,2.1,Pfefferle
C/C=C/CC(=O)OC,38.8,2.1,Pfefferle
CCCCOCCCC,38.7,2.1,Pfefferle
CC(C)OC(C)C,38.7,2.1,Pfefferle
CCCCC(O)CC,38.5,2.1,Pfefferle
CCCC(O)CCC,38.5,2.1,Pfefferle
CC(C)(C)CC=O,38.4,2.1,Pfefferle
CCC(C)CC,38.2,2.1,Pfefferle
CC(C)CCOC=O,38.2,2.1,Pfefferle
CCC(C)(C)OC,38.1,2.1,Pfefferle
C/C=C(/C)C(=O)OC,38,2.1,Pfefferle
CCCCCCC(C)=O,37.9,2.1,Pfefferle
CCOC(C)(C)C,37.9,2.1,Pfefferle
CCC(C)C(C)O,37.7,2.1,Pfefferle
CCCCCCCC=O,37.5,2.1,Pfefferle
CCCOC(=O)CCC,37.3,2.1,Pfefferle
C=C(C)C(=O)OCCC,37.1,2.1,Pfefferle
CCCC(C)C,36.7,2.1,Pfefferle
CCCCC(C=O)CC,36.6,2.1,Pfefferle
CCOC(=O)CC(C)C,36.6,2.1,Pfefferle
CCCC(C)(C)O,36.4,2.1,Pfefferle
COC(=O)C=C(C)C,36.4,2.1,Pfefferle
CCC(C)CCO,36.3,2.1,Pfefferle
CCCC(=O)OC(C)C,36.3,2.1,Pfefferle
CCCCCC(=O)CC,36,2.2,Pfefferle
CCCCOC(C)=O,36,2.2,Pfefferle
CCCCCCC,36,2.2,Pfefferle
CCCC(=O)C(C)C,35.9,2.2,Pfefferle
CCC/C=C/C(=O)OC,35.9,2.2,Pfefferle
CCCC(C)CO,35.8,2.2,Pfefferle
CCCCCOC=O,35.7,2.2,Pfefferle
CC(C)CCCO,35.6,2.2,Pfefferle
CCC(C)OC(C)=O,34.9,2.2,Pfefferle
CC(=O)OCC(C)C,34.8,2.2,Pfefferle
CCCCCCCO,34.7,2.2,Pfefferle
CCCOC(=O)OCCC,34.5,2.2,Pfefferle
O=C1CCCCC1,34.3,2.2,Pfefferle
CCCCC(C)O,34.1,2.2,Pfefferle
C/C=C(\C)C(=O)OCC,34,2.2,Pfefferle
CCCC(O)CC,33.9,2.2,Pfefferle
CCCCCCC=O,33.8,2.2,Pfefferle
CC/C=C/C(=O)OC,33.6,2.2,Pfefferle
CC(C)C(C)O,33.3,2.2,Pfefferle
C=CCCC(=O)OC,33.3,2.2,Pfefferle
COC(C)(C)CCO,33.2,2.2,Pfefferle
CCC(C)(C)O,32.9,2.2,Pfefferle
CC(=O)CC(C)C,32.8,2.2,Pfefferle
CC(=O)OC(C)(C)C,32.7,2.2,Pfefferle
CCCCCCC(=O)OC,32.5,2.2,Pfefferle
CCC(C)CO,32.3,2.2,Pfefferle
CC(C)CCO,31.9,2.2,Pfefferle
CCCOC(=O)CC,31.9,2.2,Pfefferle
CCCCOCC(C)O,31.7,2.2,Pfefferle
COC(C)(C)C,31.5,2.2,Pfefferle
CCCCOC=O,31,2.3,Pfefferle
COC(=O)C(C)(C)C,30.8,2.3,Pfefferle
CCC(=O)C(C)C,30.7,2.3,Pfefferle
CCCCC(=O)CC,30.7,2.3,Pfefferle
CC(C)(C)C=O,30.6,2.3,Pfefferle
CCCCCC(C)=O,30.4,2.3,Pfefferle
CC(C)COC=O,30.4,2.3,Pfefferle
CCCCCC,30.4,2.3,Pfefferle
C/C=C/C(=O)OCC,30.3,2.3,Pfefferle
CCCC(C)O,30.2,2.3,Pfefferle
CCCCCCO,30,2.3,Pfefferle
CCC(C)(C)C(=O)O,30,2.3,Pfefferle
C=CC(=O)OCCC,30,2.3,Pfefferle
CC(C)(C)OC=O,30,2.3,Pfefferle
CCOC(=O)C(C)CC,29.3,2.3,Pfefferle
CCC(O)CC,29.1,2.3,Pfefferle
CCC(C=O)CC,29,2.3,Pfefferle
CCC(C)C(C)=O,29,2.3,Pfefferle
C=C(C)C(=O)OC,29,2.3,Pfefferle
CCC(C)OC,28.6,2.3,Pfefferle
CCCC(=O)CCC,28.5,2.3,Pfefferle
CCCCC(=O)OCC,28.4,2.3,Pfefferle
COC(=O)CC(C)C,28.4,2.3,Pfefferle
CCCOCCC,28,2.3,Pfefferle
CC(C)CC=O,27.9,2.3,Pfefferle
CCCC(C)C=O,27.6,2.3,Pfefferle
CC(C)(C)O,27.5,2.3,Pfefferle
CCOC(CC)OCC,27.3,2.4,Pfefferle
C/C=C/C(=O)OC,27.3,2.4,Pfefferle
CCCCCC=O,26.7,2.4,Pfefferle
CCCCCC(=O)OC,26.7,2.4,Pfefferle
CC(=O)C(C)C,26.6,2.4,Pfefferle
C1CCOCC1,26.5,2.4,Pfefferle
CC(C)CO,26.2,2.4,Pfefferle
CCOC(=O)C(C)C,26.1,2.4,Pfefferle
CCC(CC)C(=O)O,25.9,2.4,Pfefferle
CCCOCC(C)O,25.8,2.4,Pfefferle
CCCCC(C)=O,25.6,2.4,Pfefferle
CC(C)OCCO,25.5,2.4,Pfefferle
CCCC(=O)CC,25.5,2.4,Pfefferle
CCCC(=O)OCC,25.5,2.4,Pfefferle
CCCCCO,25.4,2.4,Pfefferle
C=C(C)C(=O)OCC,25.4,2.4,Pfefferle
CC[C@H](C)O,25.3,2.4,Pfefferle
CCCCOCCO,25.3,2.4,Pfefferle
CC[C@@H](C)O,25.2,2.4,Pfefferle
CCC(C)C(=O)OC,24.9,2.4,Pfefferle
CCC(C)O,24.8,2.4,Pfefferle
CCCCC,24.6,2.4,Pfefferle
CCCOC(C)=O,24.4,2.4,Pfefferle
CC(=O)OC(C)C,23.7,2.5,Pfefferle
CCCCOC,23,2.5,Pfefferle
CCC(C)C=O,22.7,2.5,Pfefferle
CCOC(C)OCC,22.4,2.5,Pfefferle
CCCCC(=O)OC,22.3,2.5,Pfefferle
COC(=O)C(C)C,22.2,2.5,Pfefferle
COC1CCCCO1,22.1,2.5,Pfefferle
CCCCO,22,2.5,Pfefferle
C=CC(=O)OCC,22,2.5,Pfefferle
CC(C)C=O,21.2,2.5,Pfefferle
CCCC(C)=O,21.1,2.5,Pfefferle
CCC(=O)CC,21.1,2.5,Pfefferle
CCCCC=O,21.1,2.5,Pfefferle
CCOCCOCC,20.4,2.6,Pfefferle
CCOC(=O)CC,20.3,2.6,Pfefferle
CC(C)OC=O,20.3,2.6,Pfefferle
CCCOC=O,20.3,2.6,Pfefferle
CCC(O)COC,19.8,2.6,Pfefferle
C=CC(=O)OC,19.4,2.6,Pfefferle
CC(C)O,19.2,2.6,Pfefferle
CCC1CO1,18.8,2.6,Pfefferle
CC(C)C(=O)O,18.8,2.6,Pfefferle
COCC(C)OC,18.6,2.6,Pfefferle
CCCC(=O)OC,18.6,2.6,Pfefferle
CCOCOCC,18.5,2.6,Pfefferle
CCCC(=O)O,18.1,2.6,Pfefferle
CCCOC,18,2.6,Pfefferle
COCCCO,17.9,2.6,Pfefferle
CCCC=O,17.6,2.6,Pfefferle
CCC(C)=O,17.2,2.7,Pfefferle
CCOCC,16.8,2.7,Pfefferle
COCC(C)O,16.4,2.7,Pfefferle
COC(C)(C)OC,16.4,2.7,Pfefferle
CCCO,16.2,2.7,Pfefferle
COCCOCCOC,16.1,2.7,Pfefferle
CCOCCO,15.7,2.7,Pfefferle
CCOC(=O)OCC,15.3,2.7,Pfefferle
COCCOCCO,15,2.7,Pfefferle
CCC(=O)OC,15,2.7,Pfefferle
COC(OC)C(C)=O,14.8,2.7,Pfefferle
COC(OC)(OC)OC,14.8,2.7,Pfefferle
COC(C)OC,14.2,2.8,Pfefferle
CCC=O,13.9,2.8,Pfefferle
CC(O)CO,13.7,2.8,Pfefferle
CCOC(C)=O,13.4,2.8,Pfefferle
CC(C)=O,13,2.8,Pfefferle
COC(OC)OC,12.8,2.8,Pfefferle
COC(C)(OC)OC,12.7,2.8,Pfefferle
COCCOC,11.8,2.8,Pfefferle
COC(C)=O,11.7,2.8,Pfefferle
COCOC,10.9,2.9,Pfefferle
COC(=O)OC,10.5,2.9,Pfefferle
C1COCO1,10.3,2.9,Pfefferle
CCO,10.3,2.9,Pfefferle
COC(=O)[C@H](C)O,9.6,2.9,Pfefferle
CCOC=O,9.2,2.9,Pfefferle
OCCO,8.2,3,Pfefferle
CO,6.6,3,Pfefferle
CC1=CCCCC1,62,3,Pfefferle
CC(C)(C)C1=CCCCC1,161,5,Pfefferle
C1=C(c2ccccc2)CCCC1,468,14,Pfefferle
C1=C\CCCCCC/1,78,4,Pfefferle
CC1C=CCCC1,85,4,Pfefferle
CC1CC=CCC1,61,3,Pfefferle
C1=CCCCCC1,79,4,Pfefferle
O=C1CCCC1,22,4,Pfefferle
C=CC(C)(C)O,25,4,Pfefferle
CCN(CC)CC,25.5,5,Pfefferle
CCNCC,13.2,5,Pfefferle
CCCCN(C)C,26.1,5,Pfefferle
CN1CCCCC1,27.9,5,Pfefferle
C=CCNC,25.3,5,Pfefferle
CCCCNCC,22.1,5,Pfefferle
COCOCOCOC,0.5,5,Pfefferle
COCOCOCOCOC,-2.5,5,Pfefferle
COCOCOCOCOCOC,-4.8,5,Pfefferle
CCCOCOCCC,30.8,5,Pfefferle
COCCO,5.9,5,Pfefferle
OCCOCCO,7.9,5,Pfefferle
CCOCCOCCOCC,17.7,5,Pfefferle
CCOC(OCC)(OCC)OCC,25.1,5,Pfefferle
CCCCOCOCOCCCC,42.7,5,Pfefferle
CCCCOCOCOCOCCCC,37.8,5,Pfefferle
CCOCOCOCC,13.8,2,Pfefferle
CCOCOCOCOCC,11.9,2,Pfefferle
CCCOCOCOCCC,25.5,2,Pfefferle
CCCOCOCOCOCCC,21.3,2,Pfefferle
