,#Name,PubChem,Cetane,Smiles,Source
358,caryophyllene,5322111.0,29.0,C/C/1=C/CCC(=C)C2CC(C2CC1)(C)C,FeatureCreature
258,methyl sorbate,5323650.0,6.0,C/C=C/C=C/C(=O)OC,FeatureCreature
284,biphenyl,7095.0,21.0,C1=CC=C(C=C1)C2=CC=CC=C2,FeatureCreature
3,diphenylmethane,7580.0,11.0,C1=CC=C(C=C1)CC2=CC=CC=C2,FeatureCreature
5,"1,2-diphenylethane",7647.0,1.0,C1=CC=C(C=C1)CCC2=CC=CC=C2,FeatureCreature
327,2-phenyl ethanol,6054.0,8.0,C1=CC=C(C=C1)CCO,FeatureCreature
281,naphthalene,931.0,22.0,C1=CC=C2C=CC=CC2=C1,FeatureCreature
263,benzene,241.0,14.3,C1=CC=CC=C1,FeatureCreature
333,2-furfuryl alcohol,7361.0,10.8,C1=COC(=C1)CO,FeatureCreature
325,Furan,8029.0,7.0,C1=COC=C1,FeatureCreature
337,"2,5 dihydrofuran",15570.0,15.6,C1C=CCO1,FeatureCreature
339,2-tetrahydrofurfuryl alcohol,7360.0,17.9,C1CC(OC1)CO,FeatureCreature
329,cyclopentanone,8452.0,9.0,C1CCC(=O)C1,FeatureCreature
38,cyclohexanone,7967.0,10.0,C1CCC(=O)CC1,FeatureCreature
566,bicyclohexyl,,51.0,C1CCC(CC1)C1CCCCC1,Saldana
283,bicyclohexyl,7094.0,50.2,C1CCC(CC1)C2CCCCC2,FeatureCreature
97,tetralin,8404.0,8.9,C1CCC2=CC=CC=C2C1,FeatureCreature
225,Perhydro-phenanthrene,21971.0,38.8,C1CCC2C(C1)CCC3C2CCCC3,FeatureCreature
280,cis-decalin,7044.0,40.5,C1CCC2CCCCC2C1,FeatureCreature
54,cyclohexene,8079.0,57.0,C1CCC=CC1,FeatureCreature
169,cyclopentane,9253.0,6.1,C1CCCC1,FeatureCreature
53,cyclohexane,8078.0,15.05,C1CCCCC1,FeatureCreature
174,cyclooctane,9266.0,22.3,C1CCCCCCC1,FeatureCreature
347,tetrahydrofuran,8028.0,21.9,C1CCOC1,FeatureCreature
569,cis-decalin,,38.1,C1CC[C@@H]2CCCC[C@@H]2C1,Saldana
580,trans-decalin,,35.9,C1CC[C@@H]2CCCC[C@H]2C1,Saldana
452,tetralin,,13.0,C1CCc2ccccc2C1,Saldana
345,"2,3 dihydrofuran",70934.0,20.0,C1COC=C1,FeatureCreature
607,"2,2,6,6,8,8-hexamethyl-4-methylene-nonane",,4.5,C=C(CC(C)(C)C)CC(C)(C)CC(C)(C)C,Saldana
0,4-vinyl-1-cyclohexene,7499.0,40.0,C=CC1CCC=CC1,FeatureCreature
619,ethenylcyclohexane,,38.0,C=CC1CCCCC1,Saldana
141,"1,9-Decadiene",15439.0,41.0,C=CCCCCCCC=C,FeatureCreature
26,"2,4,4-trimethyl-1-pentene",7868.0,10.0,CC(=C)CC(C)(C)C,FeatureCreature
350,farnesene,5281516.0,22.0,CC(=CCC/C(=C/C/C=C(\C)/C=C)/C)C,FeatureCreature
351,farnesol,445070.0,24.0,CC(=CCC/C(=C/CC/C(=C/CO)/C)/C)C,FeatureCreature
349,geraniol,637566.0,22.0,CC(=CCC/C(=C/CO)/C)C,FeatureCreature
353,Ocimene,18756.0,28.0,CC(=CCC=C(C)C=C)C,FeatureCreature
342,Linalool,6549.0,20.0,CC(=CCCC(C)(C=C)O)C,FeatureCreature
499,glycerol triethanoate,,0.0,CC(=O)OC(COC(=O)C)COC(=O)C,Saldana
4,glycerol triacetate,5541.0,5.0,CC(=O)OCC(COC(=O)C)OC(=O)C,FeatureCreature
170,"2-(1,1-dimethylethyl)-naphthalene",17889.0,3.0,CC(C)(C)C1=CC2=CC=CC=C2C=C1,FeatureCreature
290,tert-butyl benzene,7366.0,0.0,CC(C)(C)C1=CC=CC=C1,FeatureCreature
199,tert-butyldecalin,141340.0,24.0,CC(C)(C)C1CCCC2C1CCCC2,FeatureCreature
579,tert-butyldecalin,,24.0,CC(C)(C)C1CCCC2CCCCC12,Saldana
450,tert-butyltetralin,,17.0,CC(C)(C)C1CCCc2ccccc12,Saldana
266,t-butanol,6386.0,17.0,CC(C)(C)O,FeatureCreature
412,2-tert-butylnaphthalene,,3.0,CC(C)(C)c1ccc2ccccc2c1,Saldana
449,tert-butylbenzene,,-1.0,CC(C)(C)c1ccccc1,Saldana
336,"2,4-dimethyl-3-pentanone (DIK)",11271.0,14.0,CC(C)C(=O)C(C)C,FeatureCreature
203,"2,2,3-trimethylbutane",10044.0,12.9,CC(C)C(C)(C)C,FeatureCreature
264,"1,3,5-triisopropylbenzene",12860.0,2.8,CC(C)C1=CC(=CC(=C1)C(C)C)C(C)C,FeatureCreature
292,m-diisopropylbenzene,7450.0,-3.0,CC(C)C1=CC(=CC=C1)C(C)C,FeatureCreature
291,isopropyl benzene,7406.0,7.0,CC(C)C1=CC=CC=C1,FeatureCreature
181,"1,3,5-triisopropyl cyclohexane",4583934.0,25.3,CC(C)C1CC(CC(C1)C(C)C)C(C)C,FeatureCreature
215,"2,2,4-trimethylpentane",10907.0,18.04,CC(C)CC(C)(C)C,FeatureCreature
32,"2,4-dimethylpentane",7907.0,28.7,CC(C)CC(C)C,FeatureCreature
183,"2,2,5-trimethylhexane",19041.0,24.0,CC(C)CCC(C)(C)C,FeatureCreature
134,"2,2,6,6,8,8-hexamethyl-4-methylene-nonane",56846471.0,5.0,CC(C)CCC(C)CCC(C)CC=C(C)C,FeatureCreature
665,"2,9-dimethyl-5,6-diisoamyldecane",,48.0,CC(C)CCC(CCC(C)C)C(CCC(C)C)CCC(C)C,Saldana
609,"2,6-dimethylhept-1-ene",,51.0,CC(C)CCCC(=C)C,Saldana
29,"2,6-dimethylheptene",14069.0,51.0,CC(C)CCCC(C)C,FeatureCreature
19,"3,7-dimethyl-1-octanol",7792.0,29.3,CC(C)CCCC(C)CCO,FeatureCreature
295,isopentanol,31260.0,18.4,CC(C)CCO,FeatureCreature
216,diisoamylether,10989.0,96.3,CC(C)CCOCCC(C)C,FeatureCreature
270,isobutanol,6560.0,8.5,CC(C)CO,FeatureCreature
243,diisobutylether,12346.0,59.7,CC(C)COCC(C)C,FeatureCreature
401,"1,3-di(propan-2-yl)benzene",,-8.0,CC(C)c1cccc(c1)C(C)C,Saldana
435,isopropylbenzene,,15.0,CC(C)c1ccccc1,Saldana
114,"2,2,4,6,6-pentamethylheptane",26058.0,9.0,CC(CC(C)(C)C)CC(C)(C)C,FeatureCreature
195,"2,2,4,4,6,8,8-heptamethylnonane",20414.0,14.65,CC(CC(C)(C)C)CC(C)(C)CC(C)(C)C,FeatureCreature
20,dot-citronellol,8842.0,25.6,CC(CCC=C(C)C)CCO,FeatureCreature
161,tripropylene glycol monomethyl ether,25054.0,81.3,CC(CO)OCC(C)OCC(C)OC,FeatureCreature
28,1-methoxy-2 propanol,7900.0,19.0,CC(COC)O,FeatureCreature
202,linolenic acid,5280934.0,20.0,CC/C=C\C/C=C\C/C=C\CCCCCCCC(=O)O,FeatureCreature
175,methyl linolenate,5319706.0,37.0,CC/C=C\C/C=C\C/C=C\CCCCCCCC(=O)OC,FeatureCreature
459,"2,3-bis[[(9Z,12Z,15Z)-octadeca-9,12,15-trienoyl]oxy]propyl",,23.0,CC/C=C\C/C=C\C/C=C\CCCCCCCC(=O)OC(COC(=O)CCCCCCC/C=C\C/C=C\C/C=C\CC)COC(=O)CCCCCCC/C=C\C/C=C\C/C=C\CC,Saldana
99,ethyl linolenate,5367460.0,27.0,CC/C=C\C/C=C\C/C=C\CCCCCCCC(=O)OCC,FeatureCreature
129,trilinolenin,5462874.0,23.0,CC/C=C\C/C=C\C/C=C\CCCCCCCC(=O)OCC(OC(=O)CCCCCCC/C=C\C/C=C\C/C=C\CC)COC(=O)CCCCCCC/C=C\C/C=C\C/C=C\CC,FeatureCreature
207,linolenyl alcohol,6436081.0,41.0,CC/C=C\C/C=C\C/C=C\CCCCCCCCO,FeatureCreature
112,dot-pinene,14896.0,22.0,CC1(C2CCC(=C)C1C2)C,FeatureCreature
204,"1,2,4,5-tetramethylbenzene",10263.0,1.0,CC1=C(C(=C(C=C1)C)C)C,FeatureCreature
286,"1,2,4-trimethylbenzene",7247.0,8.9,CC1=CC(=C(C=C1)C)C,FeatureCreature
343,4-methyl guaiacol,7144.0,20.0,CC1=CC(=C(C=C1)O)OC,FeatureCreature
35,"1,3,5-trimethylbenzene",7947.0,8.0,CC1=CC(=CC(=C1)C)C,FeatureCreature
33,"1,3-dimethylbenzene",7929.0,-1.0,CC1=CC(=CC=C1)C,FeatureCreature
294,bisabolene,3033866.0,32.2,CC1=CC/C(=C(/C)\CCC=C(C)C)/CC1,FeatureCreature
226,"2,6-dimethylnaphthalene",11387.0,-7.0,CC1=CC2=C(C=C1)C=C(C=C2)C,FeatureCreature
282,2-methylnaphthalene,7055.0,6.0,CC1=CC2=CC=CC=C2C=C1,FeatureCreature
22,"1,4-dimethylbenzene",7809.0,-4.0,CC1=CC=C(C=C1)C,FeatureCreature
293,1-methyl-4-isopropylbenzene,7463.0,4.0,CC1=CC=C(C=C1)C(C)C,FeatureCreature
326,4-methyl anisole,7731.0,7.4,CC1=CC=C(C=C1)OC,FeatureCreature
334,"2,5 dimethyl furan",12266.0,11.0,CC1=CC=C(O1)C,FeatureCreature
279,1-methylnaphthalene,7002.0,0.0,CC1=CC=CC2=CC=CC=C12,FeatureCreature
37,toluene,1140.0,-0.6,CC1=CC=CC=C1,FeatureCreature
285,"1,2-dimethylbenzene",7237.0,8.3,CC1=CC=CC=C1C,FeatureCreature
328,2-methyl furan,10797.0,8.9,CC1=CC=CO1,FeatureCreature
272,.-pinene,6654.0,25.0,CC1=CCC2CC1C2(C)C,FeatureCreature
552,"1,3,5-trimethylcyclohexane",,30.5,CC1CC(C)CC(C)C1,Saldana
149,"1,3,5-trimethylcyclohexane",35364.0,30.5,CC1CC(CC(C1)C)C,FeatureCreature
228,4-methyl-1-cyclohexene,11572.0,52.0,CC1CCC=CC1,FeatureCreature
289,methylcyclopentane,7296.0,17.2,CC1CCCC1,FeatureCreature
36,methylcyclohexane,7962.0,23.3,CC1CCCCC1,FeatureCreature
348,2-methyl tetrahydrofuran,7301.0,22.0,CC1CCCO1,FeatureCreature
140,rose oxide,27866.0,30.0,CC1CCOC(C1)C=C(C)C,FeatureCreature
265,n-propane,6334.0,-20.0,CCC,FeatureCreature
610,"3,12-diethyltetradeca-3,11-diene",,26.0,CCC(=CCCCCCCC=C(CC)CC)CC,Saldana
331,3-pentanone (DEK),7288.0,10.0,CCC(=O)CC,FeatureCreature
267,"2,2-dimethylbutane",6403.0,24.4,CCC(C)(C)C,FeatureCreature
223,"2,3-dimethylpentane",11260.0,22.0,CCC(C)C(C)C,FeatureCreature
115,sec-butylbenzene,8680.0,6.0,CCC(C)C1=CC=CC=C1,FeatureCreature
198,sec-butyldecalin,145244.0,34.0,CCC(C)C1CCCC2C1CCCC2,FeatureCreature
288,3-methylpentane,7282.0,30.0,CCC(C)CC,FeatureCreature
154,"2,6-dimethyloctane",16319.0,51.7,CCC(C)CCCC(C)C,FeatureCreature
190,"farnesane (2,6,10-trimethyldodecane)",19773.0,58.55,CCC(C)CCCC(C)CCCC(C)C,FeatureCreature
271,2-butanol,6568.0,8.5,CCC(C)O,FeatureCreature
239,3-ethylpentane,12048.0,34.1,CCC(CC)CC,FeatureCreature
344,4-ethyl guaiacol,62465.0,20.0,CCC1=CC(=C(C=C1)O)OC,FeatureCreature
120,"1,3-diethylbenzene",8864.0,5.0,CCC1=CC(=CC=C1)CC,FeatureCreature
1,ethyl benzene,7500.0,4.0,CCC1=CC=CC=C1,FeatureCreature
332,2-ethyl furan,18554.0,10.2,CCC1=CC=CO1,FeatureCreature
143,ethylcyclohexane,15504.0,35.8,CCC1CCCCC1,FeatureCreature
356,2-ethyl tetrahydrofuran,102538.0,28.0,CCC1CCCO1,FeatureCreature
678,n-butane,,22.0,CCCC,Saldana
6,methyl butanoate,12180.0,6.4,CCCC(=O)OC,FeatureCreature
462,"2,3-di(butanoyloxy)propyl butanoate",,6.7,CCCC(=O)OC(COC(=O)CCC)COC(=O)CCC,Saldana
235,tributyrin,6050.0,-5.0,CCCC(=O)OCC(COC(=O)CCC)OC(=O)CCC,FeatureCreature
563,4-methyl-4-decalylheptane,,21.0,CCCC(C)(CCC)C1CCCC2CCCCC12,Saldana
422,4-methyl-4-(beta-naphthyl)heptane,,9.0,CCCC(C)(CCC)c1ccc2ccccc2c1,Saldana
27,2-methylpentane,7892.0,34.5,CCCC(C)C,FeatureCreature
139,"4,5-diethyloctane",519254.0,20.0,CCCC(CC)C(CC)CCC,FeatureCreature
346,4-heptanol,11513.0,21.0,CCCC(CCC)O,FeatureCreature
320,diethoxybutane,77225.0,97.0,CCCC(OCC)OCC,FeatureCreature
587,(2E)-hept-2-ene,,44.0,CCCC/C=C/C,Saldana
133,trans-3-octene,638228.0,34.0,CCCC/C=C/CC,FeatureCreature
131,cis-2-heptene,643836.0,44.0,CCCC/C=C\C,FeatureCreature
132,cis-3-octene,5362722.0,38.1,CCCC/C=C\CC,FeatureCreature
340,4-propylguaiacol,17739.0,18.0,CCCC1=CC(=C(C=C1)O)OC,FeatureCreature
317,n-propyltetralin,297000.0,8.0,CCCC1=CC2=C(CCCC2)C=C1,FeatureCreature
330,4-propylphenol,12580.0,9.0,CCCC1=CC=C(C=C1)O,FeatureCreature
324,4-propylanisole,7702.0,7.0,CCCC1=CC=C(C=C1)OC,FeatureCreature
7,n-propylbenzene,7668.0,16.0,CCCC1=CC=CC=C1,FeatureCreature
312,n-propyldecalin,145229.0,45.0,CCCC1CCCC2C1CCCC2,FeatureCreature
576,propyldecalin,,35.0,CCCC1CCCC2CCCCC12,Saldana
575,propylcyclohexane,,52.0,CCCC1CCCCC1,Saldana
444,propyltetralin,,8.0,CCCC1CCCc2ccccc12,Saldana
42,n-pentane,8003.0,30.0,CCCCC,FeatureCreature
241,methyl pentanoate,12206.0,13.3,CCCCC(=O)OC,FeatureCreature
213,ethyl pentanoate,10882.0,18.6,CCCCC(=O)OCC,FeatureCreature
118,propyl pentanoate,67328.0,20.7,CCCCC(=O)OCCC,FeatureCreature
229,butyl pentanoate,61137.0,23.5,CCCCC(=O)OCCCC,FeatureCreature
407,2-methyl-2-(beta-naphthyl)hexane,,10.0,CCCCC(C)(C)c1ccc2ccccc2c1,Saldana
230,2-methylhexane,11582.0,43.5,CCCCC(C)C,FeatureCreature
10,2-ethyl-1-hexanol,7720.0,23.4,CCCCC(CC)CO,FeatureCreature
102,dioctyl sebacate,31218.0,70.0,CCCCC(CC)COC(=O)CCCCCCCCC(=O)OCC(CC)CCCC,FeatureCreature
306,"5,6-dibutyldecane",529909.0,30.0,CCCCC(CCCC)C(CCCC)CCCC,FeatureCreature
147,5-butylnonane,300476.0,53.0,CCCCC(CCCC)CCCC,FeatureCreature
588,(2E)-oct-2-ene,,43.0,CCCCC/C=C/C,Saldana
162,methyl linolelaidate,5362793.0,43.0,CCCCC/C=C/C/C=C/CCCCCCCC(=O)OC,FeatureCreature
590,(2Z)-oct-2-ene,,43.0,CCCCC/C=C\C,Saldana
300,methyl-5(Z)8(z)11(Z)14(Z)-eicosatetraenoate,6421258.0,29.6,CCCCC/C=C\C/C=C\C/C=C\C/C=C\CCCC(=O)OC,FeatureCreature
298,methyl gamma-linolenate,6439889.0,29.2,CCCCC/C=C\C/C=C\C/C=C\CCCCC(=O)OC,FeatureCreature
237,linoleic acid,5280450.0,31.0,CCCCC/C=C\C/C=C\CCCCCCCC(=O)O,FeatureCreature
85,methyl linoleate,5284421.0,41.05,CCCCC/C=C\C/C=C\CCCCCCCC(=O)OC,FeatureCreature
460,"2,3-bis[[(9Z,12Z)-octadeca-9,12-dienoyl]oxy]propyl",,32.0,CCCCC/C=C\C/C=C\CCCCCCCC(=O)OC(COC(=O)CCCCCCC/C=C\C/C=C\CCCCC)COC(=O)CCCCCCC/C=C\C/C=C\CCCCC,Saldana
217,ethyl linoleate,5282184.0,44.4,CCCCC/C=C\C/C=C\CCCCCCCC(=O)OCC,FeatureCreature
210,trilinolein,5322095.0,32.0,CCCCC/C=C\C/C=C\CCCCCCCC(=O)OCC(OC(=O)CCCCCCC/C=C\C/C=C\CCCCC)COC(=O)CCCCCCC/C=C\C/C=C\CCCCC,FeatureCreature
538,"propyl (9Z,12Z)-octadeca-9,12-dienoate",,42.3,CCCCC/C=C\C/C=C\CCCCCCCC(=O)OCCC,Saldana
468,"butyl (9Z,12Z)-octadeca-9,12-dienoate",,47.55,CCCCC/C=C\C/C=C\CCCCCCCC(=O)OCCCC,Saldana
206,linoleyl alcohol,5365682.0,44.0,CCCCC/C=C\C/C=C\CCCCCCCCO,FeatureCreature
138,1-butylnaphthalene,15414.0,6.0,CCCCC1=CC=CC2=CC=CC=C21,FeatureCreature
9,n-butylbenzene,7705.0,12.0,CCCCC1=CC=CC=C1,FeatureCreature
335,2-butyl furan,20534.0,13.1,CCCCC1=CC=CO1,FeatureCreature
197,n-butyldecalin,145243.0,31.0,CCCCC1CCCC2C1CCCC2,FeatureCreature
568,butyldecalin,,31.0,CCCCC1CCCC2CCCCC12,Saldana
144,n-butylcyclohexane,15506.0,47.8,CCCCC1CCCCC1,FeatureCreature
363,2-butyl tetrahydrofuran,13861.0,45.5,CCCCC1CCCO1,FeatureCreature
432,butyltetralin,,18.0,CCCCC1CCCc2ccccc12,Saldana
232,1-hexene,11597.0,25.8,CCCCC=C,FeatureCreature
51,n-hexane,8058.0,48.95,CCCCCC,FeatureCreature
244,1-heptyne,12350.0,22.0,CCCCCC#C,FeatureCreature
50,2-heptanone,8051.0,30.0,CCCCCC(=O)C,FeatureCreature
23,3-octanone,246728.0,36.0,CCCCCC(=O)CC,FeatureCreature
362,4-nonanone,78236.0,43.0,CCCCCC(=O)CCC,FeatureCreature
364,6-undecanone,13561.0,49.0,CCCCCC(=O)CCCCC,FeatureCreature
24,methyl caproate,7824.0,23.9,CCCCCC(=O)OC,FeatureCreature
355,Ethyl hexanoate,31265.0,28.0,CCCCCC(=O)OCC,FeatureCreature
359,Butyl hexanoate,12294.0,31.0,CCCCCC(=O)OCCCC,FeatureCreature
231,2-methylheptane,11594.0,49.8,CCCCCC(C)C,FeatureCreature
352,2-heptanol,10976.0,25.0,CCCCCC(C)O,FeatureCreature
11,3-octanol,11527.0,25.1,CCCCCC(CC)O,FeatureCreature
354,4-nonanol,22217.0,28.0,CCCCCC(CCC)O,FeatureCreature
384,octan-3-ol,,25.1,CCCCCC(O)CC,Saldana
596,"(6Z)-2,6,7-trimethyltridec-2,6-diene",,24.0,CCCCCC/C(=C(/C)\CCC=C(C)C)/C,Saldana
316,"2,6,7-trimethyl-2,6-tridecadiene",102247765.0,24.0,CCCCCC/C(=C(\C)/CCC=C(C)C)/C,FeatureCreature
92,methyl palmitoleate,643801.0,51.0,CCCCCC/C=C\CCCCCCCC(=O)OC,FeatureCreature
8,palmitoleyl alcohol,5367661.0,46.0,CCCCCC/C=C\CCCCCCCCO,FeatureCreature
212,n-pentylbenzene,10864.0,8.5,CCCCCC1=CC=CC=C1,FeatureCreature
233,1-heptene,11610.0,32.0,CCCCCC=C,FeatureCreature
64,2-octene,8126.0,43.0,CCCCCC=CC,FeatureCreature
189,propyl linoleate,53645533.0,42.5,CCCCCC=CCC=CCCCCCCCC(=O)OCCC,FeatureCreature
122,n-heptane,8900.0,53.575,CCCCCCC,FeatureCreature
25,methyl heptanoate,7826.0,34.2,CCCCCCC(=O)OC,FeatureCreature
136,"2,2-dimethyloctane",85150.0,59.0,CCCCCCC(C)(C)C,FeatureCreature
167,"7,8-dimethyltetradecane",530303.0,40.0,CCCCCCC(C)C(C)CCCCCC,FeatureCreature
269,2-phenyloctane,276115.0,33.0,CCCCCCC(C)C1=CC=CC=C1,FeatureCreature
146,"2,5-dimethylundecane",28452.0,58.0,CCCCCCC(C)CCC(C)C,FeatureCreature
420,3-ethyl-3-(beta-naphthyl)nonane,,13.0,CCCCCCC(CC)(CC)c1ccc2ccccc2c1,Saldana
205,"7,8-diethyltetradecane",530299.0,67.0,CCCCCCC(CC)C(CC)CCCCCC,FeatureCreature
303,4-propyldecane,529908.0,39.0,CCCCCCC(CCC)CCC,FeatureCreature
304,7-butyltridecane,530347.0,70.0,CCCCCCC(CCCC)CCCCCC,FeatureCreature
318,7-phenyltridecane,16980.0,41.0,CCCCCCC(CCCCCC)C1=CC=CC=C1,FeatureCreature
429,7-phenyltridecane,,41.0,CCCCCCC(CCCCCC)c1ccccc1,Saldana
594,(5E)-5-butyldodec-4-ene,,45.0,CCCCCCC/C(=C/CCC)/CCCC,Saldana
600,(8E)-8-propylpentadec-8-ene,,45.0,CCCCCCC/C(=C/CCCCCC)/CCC,Saldana
593,(4Z)-5-butyldodec-4-ene,,45.0,CCCCCCC/C(=C\CCC)/CCCC,Saldana
604,(8Z)-8-propylpentadec-8-ene,,45.0,CCCCCCC/C(=C\CCCCCC)/CCC,Saldana
592,(4Z)-4-butyldodec-4-ene,,45.0,CCCCCCC/C=C(/CCC)\CCCC,Saldana
591,(4E)-4-butyldodec-4-ene,,45.0,CCCCCCC/C=C(\CCC)/CCCC,Saldana
30,n-hexylbenzene,14109.0,26.0,CCCCCCC1=CC=CC=C1,FeatureCreature
196,3-cyclohexylhexane,20283.0,36.0,CCCCCCC1CCCCC1,FeatureCreature
63,1-octene,8125.0,49.0,CCCCCCC=C,FeatureCreature
62,n-octane,356.0,58.2,CCCCCCCC,FeatureCreature
56,methyl octanoate,8091.0,33.6,CCCCCCCC(=O)OC,FeatureCreature
227,butyl octanoate,11517.0,39.6,CCCCCCCC(=O)OCCCC,FeatureCreature
246,2-nonanol,12367.0,39.6,CCCCCCCC(C)O,FeatureCreature
410,2-methyl-4-isobutyl-4-phenylundecane,,18.0,CCCCCCCC(CC(C)C)(CC(C)C)c1ccccc1,Saldana
302,3-ethyldecane,529827.0,48.0,CCCCCCCC(CC)CC,FeatureCreature
305,8-propylpentadecane,530278.0,48.0,CCCCCCCC(CCC)CCCCCCC,FeatureCreature
238,5-butyldodecane,529854.0,45.0,CCCCCCCC(CCCC)CCCC,FeatureCreature
605,(9E)-9-methylheptadec-9-ene,,66.0,CCCCCCCC/C(=C/CCCCCCC)/C,Saldana
606,(9Z)-9-methylheptadec-9-ene,,66.0,CCCCCCCC/C(=C\CCCCCCC)/C,Saldana
390,(2Z)-phenylundec-2-ene,,23.0,CCCCCCCC/C=C(/C)\c1ccccc1,Saldana
389,(2E)-phenylundec-2-ene,,23.0,CCCCCCCC/C=C(\C)/c1ccccc1,Saldana
151,methyl elaidate,5280590.0,57.2,CCCCCCCC/C=C/CCCCCCCC(=O)OC,FeatureCreature
2,isobutyl oleate,6436359.0,60.0,CCCCCCCC/C=C/CCCCCCCC(=O)OCC(C)C,FeatureCreature
88,oleic acid,445639.0,46.0,CCCCCCCC/C=C\CCCCCCCC(=O)O,FeatureCreature
84,methyl oleate,5364509.0,58.57,CCCCCCCC/C=C\CCCCCCCC(=O)OC,FeatureCreature
72,isopropyl oleate,5356108.0,87.0,CCCCCCCC/C=C\CCCCCCCC(=O)OC(C)C,FeatureCreature
545,sec-butyl (9Z)-octadec-9-enoate,,71.9,CCCCCCCC/C=C\CCCCCCCC(=O)OC(C)CC,Saldana
461,"2,3-bis[[(9Z)-octadec-9-enoyl]oxy]propyl (9Z)-octadec-9-enoate",,45.0,CCCCCCCC/C=C\CCCCCCCC(=O)OC(COC(=O)CCCCCCC/C=C\CCCCCCCC)COC(=O)CCCCCCC/C=C\CCCCCCCC,Saldana
61,ethyl oleate,5363269.0,72.0,CCCCCCCC/C=C\CCCCCCCC(=O)OCC,FeatureCreature
508,isobutyl (9Z)-octadec-9-enoate,,59.6,CCCCCCCC/C=C\CCCCCCCC(=O)OCC(C)C,Saldana
164,2-ethylhexyl oleate,6438028.0,88.0,CCCCCCCC/C=C\CCCCCCCC(=O)OCC(CC)CCCC,FeatureCreature
101,triolein,5497163.0,45.0,CCCCCCCC/C=C\CCCCCCCC(=O)OCC(OC(=O)CCCCCCC/C=C\CCCCCCCC)COC(=O)CCCCCCC/C=C\CCCCCCCC,FeatureCreature
59,propyl oleate,5356106.0,72.0,CCCCCCCC/C=C\CCCCCCCC(=O)OCCC,FeatureCreature
456,2-ethylhexyl (9Z)-octadec-9-enoate,,88.2,CCCCCCCC/C=C\CCCCCCCC(=O)OCCC(CC)CCC,Saldana
121,butyl oleate,5354342.0,102.0,CCCCCCCC/C=C\CCCCCCCC(=O)OCCCC,FeatureCreature
503,hexyl (9Z)-octadec-9-enoate,,102.0,CCCCCCCC/C=C\CCCCCCCC(=O)OCCCCCC,Saldana
532,octyl (Z)-octadec-9-enoate,,131.0,CCCCCCCC/C=C\CCCCCCCC(=O)OCCCCCCCC,Saldana
94,methyl erucate,5364423.0,74.2,CCCCCCCC/C=C\CCCCCCCCCCCC(=O)OC,FeatureCreature
127,oleyl alcohol,5284499.0,51.0,CCCCCCCC/C=C\CCCCCCCCO,FeatureCreature
31,n-heptylbenzene,14115.0,34.67,CCCCCCCC1=CC=CC=C1,FeatureCreature
109,1-nonene,31285.0,51.0,CCCCCCCC=C,FeatureCreature
613,7-hexylpentadec-7-ene,,47.0,CCCCCCCC=C(CCCCCC)CCCCCC,Saldana
110,octanal,454.0,80.5,CCCCCCCC=O,FeatureCreature
68,n-nonane,8141.0,60.9,CCCCCCCCC,FeatureCreature
313,n-octyldecalin,141998.0,31.0,CCCCCCCCC#CCCCCCCCC,FeatureCreature
554,2-methyl-2-decalyldecane,,37.0,CCCCCCCCC(C)(C)C1CCCC2CCCCC12,Saldana
406,2-methyl-2-(beta-naphthyl)decane,,18.0,CCCCCCCCC(C)(C)c1ccc2ccccc2c1,Saldana
308,"9,10-dimethyloctadecane",530173.0,60.0,CCCCCCCCC(C)C(C)CCCCCCCC,FeatureCreature
676,9-methylheptadecane,,66.0,CCCCCCCCC(C)CCCCCCCC,Saldana
310,"9,10-dipropyloctadecane",530183.0,47.0,CCCCCCCCC(CCC)C(CCC)CCCCCCCC,FeatureCreature
165,4-phenyldodecane,17631.0,42.0,CCCCCCCCC(CCC)C1=CC=CC=C1,FeatureCreature
309,7-hexylpentadecane,91342400.0,83.0,CCCCCCCCC(CCCCCC)CCCCCC,FeatureCreature
311,9-heptylheptadecane,528546.0,88.0,CCCCCCCCC(CCCCCCC)CCCCCCCC,FeatureCreature
168,"methyl 4(Z),7(Z),10(Z),13(Z),16(Z),19(Z)-docosahexaenoate",6442386.0,24.4,CCCCCCCCC/C=C/C=C/C=C/C=C/C=C/C=C/C(=O)OC,FeatureCreature
171,2-octylnaphthalene,520388.0,18.0,CCCCCCCCC1=CC2=CC=CC=C2C=C1,FeatureCreature
157,n-octylbenzene,16607.0,37.5,CCCCCCCCC1=CC=CC=C1,FeatureCreature
574,octyldecalin,,31.0,CCCCCCCCC1CCCC2CCCCC12,Saldana
441,octyltetralin,,18.0,CCCCCCCCC1CCCc2ccccc12,Saldana
405,"1,4-dioctyltetralin",,26.0,CCCCCCCCC1CCc2ccccc2C1CCCCCCCC,Saldana
278,1-decene,13381.0,49.1,CCCCCCCCC=C,FeatureCreature
152,hexyl oleate,88466.0,102.0,CCCCCCCCC=CCCCCCCCC(=O)OCCCCCC,FeatureCreature
178,octyl oleate,94441.0,131.0,CCCCCCCCC=CCCCCCCCC(=O)OCCCCCCCC,FeatureCreature
111,n-decane,15600.0,66.35,CCCCCCCCCC,FeatureCreature
179,decanoic acid,2969.0,48.0,CCCCCCCCCC(=O)O,FeatureCreature
49,methyl decanoate,8050.0,52.275,CCCCCCCCCC(=O)OC,FeatureCreature
160,isopropyl decanoate,16833.0,46.6,CCCCCCCCCC(=O)OC(C)C,FeatureCreature
47,ethyl decanoate,8048.0,51.2,CCCCCCCCCC(=O)OCC,FeatureCreature
177,propyl decanoate,121739.0,52.9,CCCCCCCCCC(=O)OCCC,FeatureCreature
176,butyl decanoate,35408.0,54.6,CCCCCCCCCC(=O)OCCCC,FeatureCreature
12,hexyl caprate,82635.0,64.0,CCCCCCCCCC(=O)OCCCCCC,FeatureCreature
201,2-phenylundecane,20656.0,51.0,CCCCCCCCCC(C)C1=CC=CC=C1,FeatureCreature
425,5-butyl-5-phenyltetradecane,,58.0,CCCCCCCCCC(CCCC)(CCCC)c1ccccc1,Saldana
39,n-nonylbenzene,14126.0,50.0,CCCCCCCCCC1=CC=CC=C1,FeatureCreature
274,1-undecene,13190.0,65.5,CCCCCCCCCC=C,FeatureCreature
91,n-undecane,14257.0,79.0,CCCCCCCCCCC,FeatureCreature
166,methyl petroselinate,5362717.0,58.6,CCCCCCCCCCC/C=C\CCCCC(=O)OC,FeatureCreature
73,1-dodecene,8183.0,56.8,CCCCCCCCCCC=C,FeatureCreature
79,n-dodecane,8182.0,73.45,CCCCCCCCCCCC,FeatureCreature
67,methyl laurate,8139.0,66.5,CCCCCCCCCCCC(=O)OC,FeatureCreature
463,"2,3-di(dodecanoyloxy)propyl dodecanoate",,100.0,CCCCCCCCCCCC(=O)OC(COC(=O)CCCCCCCCCCC)COC(=O)CCCCCCCCCCC,Saldana
21,ethyl laurate,7800.0,73.0,CCCCCCCCCCCC(=O)OCC,FeatureCreature
211,trilaurin,10851.0,100.0,CCCCCCCCCCCC(=O)OCC(COC(=O)CCCCCCCCCCC)OC(=O)CCCCCCCCCCC,FeatureCreature
187,propyl laurate,77255.0,71.0,CCCCCCCCCCCC(=O)OCCC,FeatureCreature
18,butyl laurate,61015.0,73.0,CCCCCCCCCCCC(=O)OCCCC,FeatureCreature
180,hexyl laurate,94454.0,74.0,CCCCCCCCCCCC(=O)OCCCCCC,FeatureCreature
209,octyl laurate,79185.0,84.0,CCCCCCCCCCCC(=O)OCCCCCCCC,FeatureCreature
185,decyl laurate,119003.0,84.0,CCCCCCCCCCCC(=O)OCCCCCCCCCC,FeatureCreature
247,n-tridecane,12388.0,89.5,CCCCCCCCCCCCC,FeatureCreature
200,2-phenyltetradecane,20642.0,49.0,CCCCCCCCCCCCC(C)C1=CC=CC=C1,FeatureCreature
103,n-dodecylbenzene,31237.0,68.0,CCCCCCCCCCCCC1=CC=CC=C1,FeatureCreature
550,1-methyl-3-dodecylcyclohexane,,70.0,CCCCCCCCCCCCC1CCCC(C)C1,Saldana
95,1-tetradecene,14260.0,80.9,CCCCCCCCCCCCC=C,FeatureCreature
248,n-tetradecane,12389.0,85.1,CCCCCCCCCCCCCC,FeatureCreature
108,methyl myristate,31284.0,69.85,CCCCCCCCCCCCCC(=O)OC,FeatureCreature
466,"2,3-di(tetradecanoyloxy)propyl tetradecanoate",,100.0,CCCCCCCCCCCCCC(=O)OC(COC(=O)CCCCCCCCCCCCC)COC(=O)CCCCCCCCCCCCC,Saldana
107,ethyl myristate,31283.0,66.9,CCCCCCCCCCCCCC(=O)OCC,FeatureCreature
222,trimyristin,11148.0,100.0,CCCCCCCCCCCCCC(=O)OCC(COC(=O)CCCCCCCCCCCCC)OC(=O)CCCCCCCCCCCCC,FeatureCreature
128,propyl myristate,84338.0,71.0,CCCCCCCCCCCCCC(=O)OCCC,FeatureCreature
46,butyl myristate,8047.0,69.4,CCCCCCCCCCCCCC(=O)OCCCC,FeatureCreature
192,hexyl myristate,170623.0,72.0,CCCCCCCCCCCCCC(=O)OCCCCCC,FeatureCreature
137,octyl myristate,85351.0,71.0,CCCCCCCCCCCCCC(=O)OCCCCCCCC,FeatureCreature
191,decyl myristate,170588.0,72.0,CCCCCCCCCCCCCC(=O)OCCCCCCCCCC,FeatureCreature
153,dodecyl myristate,74881.0,74.0,CCCCCCCCCCCCCC(=O)OCCCCCCCCCCCC,FeatureCreature
172,2-methyl-2-phenylpentadecane,520412.0,39.0,CCCCCCCCCCCCCC(C)(C)C1=CC=CC=C1,FeatureCreature
553,2-methyl-2-cyclohexylpentadecane,,45.0,CCCCCCCCCCCCCC(C)(C)C1CCCCC1,Saldana
409,2-methyl-2-phenylpentadecane,,39.0,CCCCCCCCCCCCCC(C)(C)c1ccccc1,Saldana
249,n-pentadecane,12391.0,96.5,CCCCCCCCCCCCCCC,FeatureCreature
130,n-tetradecylbenzene,15086.0,72.0,CCCCCCCCCCCCCCC1=CC=CC=C1,FeatureCreature
314,2-cyclohexyl- tetradecane,15715.0,57.0,CCCCCCCCCCCCCCC1CCCCC1,FeatureCreature
251,1-hexadecene,12395.0,75.9,CCCCCCCCCCCCCCC=C,FeatureCreature
218,n-hexadecane,11006.0,100.5,CCCCCCCCCCCCCCCC,FeatureCreature
78,methyl palmitate,8181.0,85.9,CCCCCCCCCCCCCCCC(=O)OC,FeatureCreature
123,isopropyl palmitate,8907.0,83.0,CCCCCCCCCCCCCCCC(=O)OC(C)C,FeatureCreature
546,sec-butyl hexadecanoate,,84.8,CCCCCCCCCCCCCCCC(=O)OC(C)CC,Saldana
464,"2,3-di(hexadecanoyloxy)propyl hexadecanoate",,89.0,CCCCCCCCCCCCCCCC(=O)OC(COC(=O)CCCCCCCCCCCCCCC)COC(=O)CCCCCCCCCCCCCCC,Saldana
245,ethyl palmitate,12366.0,93.0,CCCCCCCCCCCCCCCC(=O)OCC,FeatureCreature
45,isobutyl palmitate,66967.0,84.0,CCCCCCCCCCCCCCCC(=O)OCC(C)C,FeatureCreature
145,2-ethylhexyl palmitate,62851.0,107.0,CCCCCCCCCCCCCCCC(=O)OCC(CC)CCCC,FeatureCreature
221,tripalmitin,11147.0,89.0,CCCCCCCCCCCCCCCC(=O)OCC(COC(=O)CCCCCCCCCCCCCCC)OC(=O)CCCCCCCCCCCCCCC,FeatureCreature
159,propyl palmitate,75232.0,83.0,CCCCCCCCCCCCCCCC(=O)OCCC,FeatureCreature
457,2-ethylhexyl hexadecanoate,,98.2,CCCCCCCCCCCCCCCC(=O)OCCC(CC)CCC,Saldana
55,butyl palmitate,8090.0,87.0,CCCCCCCCCCCCCCCC(=O)OCCCC,FeatureCreature
193,hexyl palmitate,162505.0,87.0,CCCCCCCCCCCCCCCC(=O)OCCCCCC,FeatureCreature
534,octyl hexadecanoate,,107.0,CCCCCCCCCCCCCCCC(=O)OCCCCCCCC,Saldana
194,decyl palmitate,98603.0,91.0,CCCCCCCCCCCCCCCC(=O)OCCCCCCCCCC,FeatureCreature
408,2-methyl-2-phenylheptadecane,,39.0,CCCCCCCCCCCCCCCC(C)(C)c1ccccc1,Saldana
150,2-methylheptadecane,15265.0,91.0,CCCCCCCCCCCCCCCC(C)C,FeatureCreature
319,5-phenyleicosane,16983.0,39.0,CCCCCCCCCCCCCCCC(CCCC)C1=CC=CC=C1,FeatureCreature
315,5-cyclohexyleicosane,311971.0,66.0,CCCCCCCCCCCCCCCC(CCCC)C1CCCCC1,FeatureCreature
252,n-heptadecane,12398.0,105.0,CCCCCCCCCCCCCCCCC,FeatureCreature
135,2-methyloctadecane,15264.0,104.4,CCCCCCCCCCCCCCCCC(C)C,FeatureCreature
301,methyl gondoate,6438470.0,73.2,CCCCCCCCCCCCCCCCC/C=C\C(=O)OC,FeatureCreature
551,"1,2,4-trimethyl-5-hexadecylcyclohexane",,42.0,CCCCCCCCCCCCCCCCC1CC(C)C(C)CC1C,Saldana
89,1-octadecene,8217.0,90.0,CCCCCCCCCCCCCCCCC=C,FeatureCreature
234,n-octadecane,11635.0,106.3,CCCCCCCCCCCCCCCCCC,FeatureCreature
224,stearic acid,5281.0,62.0,CCCCCCCCCCCCCCCCCC(=O)O,FeatureCreature
83,methyl stearate,8201.0,95.6,CCCCCCCCCCCCCCCCCC(=O)OC,FeatureCreature
71,isopropyl stearate,8162.0,97.0,CCCCCCCCCCCCCCCCCC(=O)OC(C)C,FeatureCreature
547,sec-butyl octadecanoate,,97.5,CCCCCCCCCCCCCCCCCC(=O)OC(C)CC,Saldana
465,"2,3-di(octadecanoyloxy)propyl octadecanoate",,85.0,CCCCCCCCCCCCCCCCCC(=O)OC(COC(=O)CCCCCCCCCCCCCCCCC)COC(=O)CCCCCCCCCCCCCCCCC,Saldana
60,ethyl stearate,8122.0,76.8,CCCCCCCCCCCCCCCCCC(=O)OCC,FeatureCreature
256,isobutyl stearate,12588.0,99.0,CCCCCCCCCCCCCCCCCC(=O)OCC(C)C,FeatureCreature
158,2-ethylhexyl stearate,13132266.0,116.0,CCCCCCCCCCCCCCCCCC(=O)OCC(CC)CCCC,FeatureCreature
220,tristearin,11146.0,85.0,CCCCCCCCCCCCCCCCCC(=O)OCC(COC(=O)CCCCCCCCCCCCCCCCC)OC(=O)CCCCCCCCCCCCCCCCC,FeatureCreature
184,propyl stearate,77190.0,91.0,CCCCCCCCCCCCCCCCCC(=O)OCCC,FeatureCreature
458,2-ethylhexyl octadecanoate,,115.5,CCCCCCCCCCCCCCCCCC(=O)OCCC(CC)CCC,Saldana
106,butyl stearate,31278.0,86.5,CCCCCCCCCCCCCCCCCC(=O)OCCCC,FeatureCreature
253,n-nonadecane,12401.0,110.0,CCCCCCCCCCCCCCCCCCC,FeatureCreature
100,n-eicosane,8222.0,110.0,CCCCCCCCCCCCCCCCCCCC,FeatureCreature
93,methyl arachidate,14259.0,100.0,CCCCCCCCCCCCCCCCCCCC(=O)OC,FeatureCreature
90,1-octadecanol,8221.0,81.0,CCCCCCCCCCCCCCCCCCO,FeatureCreature
275,octadecyl acetate,69968.0,90.0,CCCCCCCCCCCCCCCCCCOC(=O)C,FeatureCreature
186,1-hexadecanol,2682.0,68.0,CCCCCCCCCCCCCCCCO,FeatureCreature
250,hexadecyl acetate,12393.0,86.0,CCCCCCCCCCCCCCCCOC(=O)C,FeatureCreature
502,hexadecyl pentanoate,,70.0,CCCCCCCCCCCCCCCCOC(=O)CCCC,Saldana
273,hexadecyl laurate,88709.0,88.0,CCCCCCCCCCCCCCCCOC(=O)CCCCCCCCCCC,FeatureCreature
400,"1,2,4-trimethyl-5-hexadecylbenzene",,42.0,CCCCCCCCCCCCCCCCc1cc(C)c(C)cc1C,Saldana
564,5(R)-cyclohexyleicosane,,66.0,CCCCCCCCCCCCCCC[C@@H](CCCC)C1CCCCC1,Saldana
427,5(R)-phenyleicosane,,39.0,CCCCCCCCCCCCCCC[C@@H](CCCC)c1ccccc1,Saldana
565,5(S)-cyclohexyleicosane,,66.0,CCCCCCCCCCCCCCC[C@H](CCCC)C1CCCCC1,Saldana
428,5(S)-phenyleicosane,,39.0,CCCCCCCCCCCCCCC[C@H](CCCC)c1ccccc1,Saldana
87,1-tetradecanol,8209.0,80.8,CCCCCCCCCCCCCCO,FeatureCreature
254,tetradecyl acetate,12531.0,81.0,CCCCCCCCCCCCCCOC(=O)C,FeatureCreature
549,tetradecyl pentanoate,,68.0,CCCCCCCCCCCCCCOC(=O)CCCC,Saldana
451,tetradecylbenzene,,72.0,CCCCCCCCCCCCCCc1ccccc1,Saldana
82,1-dodecanol,8193.0,63.6,CCCCCCCCCCCCO,FeatureCreature
86,dodecyl acetate,8205.0,77.0,CCCCCCCCCCCCOC(=O)C,FeatureCreature
322,dodecyl valerate,545395.0,67.0,CCCCCCCCCCCCOC(=O)CCCC,FeatureCreature
485,dodecyl (9Z)-octadec-9-enoate,,134.0,CCCCCCCCCCCCOC(=O)CCCCCCC/C=C\CCCCCCCC,Saldana
116,dodecyl laurate,84113.0,85.0,CCCCCCCCCCCCOC(=O)CCCCCCCCCCC,FeatureCreature
557,2(R)-cyclohexyltetradecane,,57.0,CCCCCCCCCCCC[C@@H](C)C1CCCCC1,Saldana
415,2(R)-phenyltetradecane,,49.0,CCCCCCCCCCCC[C@@H](C)c1ccccc1,Saldana
558,2(S)-cyclohexyltetradecane,,57.0,CCCCCCCCCCCC[C@H](C)C1CCCCC1,Saldana
418,2(S)-phenyltetradecane,,49.0,CCCCCCCCCCCC[C@H](C)c1ccccc1,Saldana
436,n-dodecylbenzene,,68.0,CCCCCCCCCCCCc1ccccc1,Saldana
80,1-undecanol,8184.0,53.2,CCCCCCCCCCCO,FeatureCreature
75,1-decanol,8174.0,50.3,CCCCCCCCCCO,FeatureCreature
74,decyl acetate,8167.0,62.0,CCCCCCCCCCOC(=O)C,FeatureCreature
321,decyl valerate,79553.0,61.0,CCCCCCCCCCOC(=O)CCCC,FeatureCreature
188,decyl oleate,5363234.0,134.0,CCCCCCCCCCOC(=O)CCCCCCC/C=C\CCCCCCCC,FeatureCreature
142,decyl caprate,74247.0,81.0,CCCCCCCCCCOC(=O)CCCCCCCCC,FeatureCreature
126,1-nonanol,8914.0,46.2,CCCCCCCCCO,FeatureCreature
582,"(11E)-(10R,13S)-dimethyldoeicos-11-ene",,56.0,CCCCCCCCC[C@@H](C)/C=C/[C@@H](C)CCCCCCCCC,Saldana
581,"(11E)-(10R,13R)-dimethyldoeicos-11-ene",,56.0,CCCCCCCCC[C@@H](C)/C=C/[C@H](C)CCCCCCCCC,Saldana
585,"(11Z)-(10R,13S)-dimethyldoeicos-11-ene",,56.0,CCCCCCCCC[C@@H](C)/C=C\[C@@H](C)CCCCCCCCC,Saldana
584,"(11Z)-(10R,13R)-dimethyldoeicos-11-ene",,56.0,CCCCCCCCC[C@@H](C)/C=C\[C@H](C)CCCCCCCCC,Saldana
630,"(10R,13S)-dimethyldocosane",,56.0,CCCCCCCCC[C@@H](C)CC[C@@H](C)CCCCCCCCC,Saldana
629,"(10R,13R)-dimethyldocosane",,56.0,CCCCCCCCC[C@@H](C)CC[C@H](C)CCCCCCCCC,Saldana
416,2(R)-phenylundecane,,51.0,CCCCCCCCC[C@@H](C)c1ccccc1,Saldana
583,"(11E)-(10S,13S)-dimethyldoeicos-11-ene",,56.0,CCCCCCCCC[C@H](C)/C=C/[C@@H](C)CCCCCCCCC,Saldana
586,"(11Z)-(10S,13S)-dimethyldoeicos-11-ene",,56.0,CCCCCCCCC[C@H](C)/C=C\[C@@H](C)CCCCCCCCC,Saldana
631,"(10S,13S)-dimethyldocosane",,56.0,CCCCCCCCC[C@H](C)CC[C@@H](C)CCCCCCCCC,Saldana
419,2(S)-phenylundecane,,51.0,CCCCCCCCC[C@H](C)c1ccccc1,Saldana
439,nonylbenzene,,50.0,CCCCCCCCCc1ccccc1,Saldana
69,1-octanol,957.0,33.7,CCCCCCCCO,FeatureCreature
219,octyl valerate,79545.0,49.0,CCCCCCCCOC(=O)CCCC,FeatureCreature
105,dioctyl adipate,31271.0,89.0,CCCCCCCCOC(=O)CCCCC(=O)OCCCCCCCC,FeatureCreature
643,"(9R,10S)-dimethyloctadecane",,59.0,CCCCCCCC[C@@H](C)[C@@H](C)CCCCCCCC,Saldana
641,"(9R,10R)-dimethyloctadecane",,59.0,CCCCCCCC[C@@H](C)[C@H](C)CCCCCCCC,Saldana
644,"(9R,10S)-dipropyloctadecane",,47.0,CCCCCCCC[C@@H](CCC)[C@@H](CCC)CCCCCCCC,Saldana
642,"(9R,10R)-dipropyloctadecane",,47.0,CCCCCCCC[C@@H](CCC)[C@H](CCC)CCCCCCCC,Saldana
423,4(R)-phenyldodecane,,42.0,CCCCCCCC[C@@H](CCC)c1ccccc1,Saldana
645,"(9S,10S)-dimethyloctadecane",,59.0,CCCCCCCC[C@H](C)[C@@H](C)CCCCCCCC,Saldana
646,"(9S,10S)-dipropyloctadecane",,47.0,CCCCCCCC[C@H](CCC)[C@@H](CCC)CCCCCCCC,Saldana
424,4(S)-phenyldodecane,,42.0,CCCCCCCC[C@H](CCC)c1ccccc1,Saldana
411,2-octylnaphthalene,,18.0,CCCCCCCCc1ccc2ccccc2c1,Saldana
442,octylxylene,,20.0,CCCCCCCCc1cccc(C)c1C,Saldana
440,octylbenzene,,32.0,CCCCCCCCc1ccccc1,Saldana
65,1-heptanol,8129.0,29.0,CCCCCCCO,FeatureCreature
437,n-heptylbenzene,,35.0,CCCCCCCc1ccccc1,Saldana
58,1-hexanol,8103.0,23.3,CCCCCCO,FeatureCreature
296,hexylmethyl ether,78484.0,99.8,CCCCCCOC,FeatureCreature
124,n-hexyl acetate,8908.0,33.8,CCCCCCOC(=O)C,FeatureCreature
276,dihexyl phthalate,6786.0,48.0,CCCCCCOC(=O)C1=CC=CC=C1C(=O)OCCCCCC,FeatureCreature
357,Hexyl butyrate,17525.0,29.0,CCCCCCOC(=O)CCC,FeatureCreature
361,Hexyl hexanoate,22873.0,40.0,CCCCCCOC(=O)CCCCC,FeatureCreature
41,dihexyl azelate,7985.0,99.0,CCCCCCOC(=O)CCCCCCCC(=O)OCCCCCC,FeatureCreature
555,2-methyl-3(R)-cyclohexylnonane,,63.0,CCCCCC[C@@H](C(C)C)C1CCCCC1,Saldana
598,"(8E)-(7R,10S)-dimethylhexadec-8-ene",,43.0,CCCCCC[C@@H](C)/C=C/[C@@H](C)CCCCCC,Saldana
597,"(8E)-(7R,10R)-dimethylhexadec-8-ene",,43.0,CCCCCC[C@@H](C)/C=C/[C@H](C)CCCCCC,Saldana
602,"(8Z)-(7R,10S)-dimethylhexadec-8-ene",,43.0,CCCCCC[C@@H](C)/C=C\[C@@H](C)CCCCCC,Saldana
601,"(8Z)-(7R,10R)-dimethylhexadec-8-ene",,43.0,CCCCCC[C@@H](C)/C=C\[C@H](C)CCCCCC,Saldana
660,"2,5(R)-dimethylundecane",,58.0,CCCCCC[C@@H](C)CCC(C)C,Saldana
638,"(7R,8S)-dimethyltetradecane",,40.0,CCCCCC[C@@H](C)[C@@H](C)CCCCCC,Saldana
636,"(7R,8R)-dimethyltetradecane",,40.0,CCCCCC[C@@H](C)[C@H](C)CCCCCC,Saldana
414,2(R)-phenyloctane,,33.0,CCCCCC[C@@H](C)c1ccccc1,Saldana
637,"(7R,8S)-diethyltetradecane",,67.0,CCCCCC[C@@H](CC)[C@@H](CC)CCCCCC,Saldana
635,"(7R,8R)-diethyltetradecane",,67.0,CCCCCC[C@@H](CC)[C@H](CC)CCCCCC,Saldana
614,7(R)-7-butyltridec-1-ene,,36.0,CCCCCC[C@@H](CCCC)CCCCC=C,Saldana
560,3(R)-methyl-3-decalylnonane,,18.0,CCCCCC[C@@](C)(CC)C1CCCC2CCCCC12,Saldana
556,2-methyl-3(S)-cyclohexylnonane,,63.0,CCCCCC[C@H](C(C)C)C1CCCCC1,Saldana
599,"(8E)-(7S,10S)-dimethylhexadec-8-ene",,43.0,CCCCCC[C@H](C)/C=C/[C@@H](C)CCCCCC,Saldana
603,"(8Z)-(7S,10S)-dimethylhexadec-8-ene",,43.0,CCCCCC[C@H](C)/C=C\[C@@H](C)CCCCCC,Saldana
661,"2,5(S)-dimethylundecane",,58.0,CCCCCC[C@H](C)CCC(C)C,Saldana
640,"(7S,8S)-dimethyltetradecane",,40.0,CCCCCC[C@H](C)[C@@H](C)CCCCCC,Saldana
417,2(S)-phenyloctane,,33.0,CCCCCC[C@H](C)c1ccccc1,Saldana
268,methyl ricinoleate,5354133.0,37.4,CCCCCC[C@H](C/C=C\CCCCCCCC(=O)OC)O,FeatureCreature
639,"(7S,8S)-diethyltetradecane",,67.0,CCCCCC[C@H](CC)[C@@H](CC)CCCCCC,Saldana
615,7(S)-7-butyltridec-1-ene,,36.0,CCCCCC[C@H](CCCC)CCCCC=C,Saldana
562,3(S)-methyl-3-decalylnonane,,18.0,CCCCCC[C@](C)(CC)C1CCCC2CCCCC12,Saldana
438,n-hexylbenzene,,26.0,CCCCCCc1ccccc1,Saldana
262,1-pentanol,6276.0,18.2,CCCCCO,FeatureCreature
156,pentyl pentanoate,62433.0,28.2,CCCCCOC(=O)CCCC,FeatureCreature
259,dipentyl ether,12743.0,120.5,CCCCCOCCCCC,FeatureCreature
443,pentylbenzene,,9.0,CCCCCc1ccccc1,Saldana
261,n-butanol,263.0,12.0,CCCCO,FeatureCreature
14,dibutyl fumarate,5271570.0,23.0,CCCCOC(=O)/C=C/C(=O)OCCCC,FeatureCreature
15,dibutyl maleate,5271569.0,28.0,CCCCOC(=O)/C=C\C(=O)OCCCC,FeatureCreature
277,dibutyl phthalate,3026.0,38.0,CCCCOC(=O)C1=CC=CC=C1C(=O)OCCCC,FeatureCreature
98,dibutyl malonate,136925.0,21.0,CCCCOC(=O)CC(=O)OCCCC,FeatureCreature
40,butyl butanoate,7983.0,17.8,CCCCOC(=O)CCC,FeatureCreature
155,butyl levulinate,16331.0,14.4,CCCCOC(=O)CCC(=O)C,FeatureCreature
117,dibutyl succinate,8830.0,13.0,CCCCOC(=O)CCC(=O)OCCCC,FeatureCreature
17,dibutyl adipate,7784.0,81.0,CCCCOC(=O)CCCCC(=O)OCCCC,FeatureCreature
467,"butyl (9Z,12Z,15Z)-octadeca-9,12,15-trienoate",,28.6,CCCCOC(=O)CCCCCCC/C=C\C/C=C\C/C=C\CC,Saldana
173,dibutyl azelate,18016.0,83.0,CCCCOC(=O)CCCCCCCC(=O)OCCCC,FeatureCreature
208,1-butoxy-2-propanol,21210.0,36.1,CCCCOCC(C)O,FeatureCreature
125,dibutyl ether,8909.0,95.5,CCCCOCCCC,FeatureCreature
66,2-butoxyethanol,8133.0,41.0,CCCCOCCO,FeatureCreature
163,dibutoxymethane,17379.0,74.0,CCCCOCOCCCC,FeatureCreature
371,2(R)-ethylhexan-1-ol,,23.4,CCCC[C@@H](CC)CO,Saldana
426,5-methyl-5-(beta-naphthyl)nonane,,12.0,CCCC[C@@](C)(CCCC)c1ccc2ccccc2c1,Saldana
372,2(S)-ethylhexan-1-ol,,23.4,CCCC[C@H](CC)CO,Saldana
395,1-butylnaphthalene,,6.0,CCCCc1cccc2ccccc12,Saldana
260,n-propanol,1031.0,12.0,CCCO,FeatureCreature
537,"propyl (9Z,12Z,15Z)-octadeca-9,12,15-trienoate",,26.8,CCCOC(=O)CCCCCCC/C=C\C/C=C\C/C=C\CC,Saldana
559,3(R)-cyclohexylhexane,,36.0,CCC[C@@H](CC)C1CCCCC1,Saldana
633,"(4R,5S)-diethyloctane",,20.0,CCC[C@@H](CC)[C@@H](CC)CCC,Saldana
632,"(4R,5R)-diethyloctane",,20.0,CCC[C@@H](CC)[C@H](CC)CCC,Saldana
561,3(S)-cyclohexylhexane,,36.0,CCC[C@H](CC)C1CCCCC1,Saldana
634,"(4S,5S)-diethyloctane",,20.0,CCC[C@H](CC)[C@@H](CC)CCC,Saldana
255,ethanol,702.0,7.0,CCO,FeatureCreature
287,diethyl oxalate,7268.0,21.0,CCOC(=O)C(=O)OCC,FeatureCreature
214,ethyl levulinate,10883.0,5.0,CCOC(=O)CCC(=O)C,FeatureCreature
104,diethyl butanedioate,31249.0,21.0,CCOC(=O)CCC(=O)OCC,FeatureCreature
119,diethyl adipate,8844.0,15.0,CCOC(=O)CCCCC(=O)OCC,FeatureCreature
240,diethyl azelate,12204.0,47.0,CCOC(=O)CCCCCCCC(=O)OCC,FeatureCreature
48,diethyl sebacate,8049.0,47.0,CCOC(=O)CCCCCCCCC(=O)OCC,FeatureCreature
13,"1,1-diethoxy ethane",7765.0,40.0,CCOC(C)OCC,FeatureCreature
236,diethyl ether,3283.0,140.0,CCOCC,FeatureCreature
57,2-ethoxyethyl acetate,8095.0,40.0,CCOCCOC(=O)C,FeatureCreature
77,2-ethoxyethyl ether,8179.0,123.0,CCOCCOCCOCC,FeatureCreature
654,"2,3(R)-dimethylpentane",,21.0,CC[C@@H](C)C(C)C,Saldana
577,sec-(R)butyldecalin,,34.0,CC[C@@H](C)C1CCCC2CCCCC12,Saldana
446,sec-(R)-butyltetralin,,7.0,CC[C@@H](C)C1CCCc2ccccc12,Saldana
391,"(3R,6R)-dimethyl-3-(beta-naphthyl)octane",,18.0,CC[C@@H](C)C[C@@](C)(CC)c1ccc2ccccc2c1,Saldana
392,"(3R,6S)-dimethyl-3-(beta-naphthyl)octane",,18.0,CC[C@@H](C)C[C@](C)(CC)c1ccc2ccccc2c1,Saldana
445,sec-(R)-butylbenzene,,6.0,CC[C@@H](C)c1ccccc1,Saldana
664,"2,7-dimethyl-(4S,5S)-diethyloctane",,39.0,CC[C@@H](CC(C)C)[C@@H](CC)CC(C)C,Saldana
657,"2,3(S)-dimethylpentane",,21.0,CC[C@H](C)C(C)C,Saldana
578,sec-(S)butyldecalin,,34.0,CC[C@H](C)C1CCCC2CCCCC12,Saldana
448,sec-(S)-butyltetralin,,7.0,CC[C@H](C)C1CCCc2ccccc12,Saldana
393,"(3S,6R)-dimethyl-3-(beta-naphthyl)octane",,18.0,CC[C@H](C)C[C@@](C)(CC)c1ccc2ccccc2c1,Saldana
394,"(3S,6S)-dimethyl-3-(beta-naphthyl)octane",,18.0,CC[C@H](C)C[C@](C)(CC)c1ccc2ccccc2c1,Saldana
447,sec-(S)-butylbenzene,,6.0,CC[C@H](C)c1ccccc1,Saldana
663,"2,7-dimethyl-(4R,5S)-diethyloctane",,39.0,CC[C@H](CC(C)C)[C@@H](CC)CC(C)C,Saldana
662,"2,7-dimethyl-(4R,5R)-diethyloctane",,39.0,CC[C@H](CC(C)C)[C@H](CC)CC(C)C,Saldana
402,"1,3-diethylbenzene",,9.0,CCc1cccc(CC)c1,Saldana
434,ethylbenzene,,8.0,CCc1ccccc1,Saldana
257,methanol,887.0,3.33,CO,FeatureCreature
96,dimethyl ether,8254.0,66.5,COC,FeatureCreature
113,dimethyl phthalate,8554.0,19.0,COC(=O)C1=CC=CC=C1C(=O)OC,FeatureCreature
34,dimethyl malonate,7943.0,15.0,COC(=O)CC(=O)OC,FeatureCreature
16,dimethyl adipate,12329.0,5.0,COC(=O)CCCCC(=O)OC,FeatureCreature
148,dimethyl azelate,15612.0,24.0,COC(=O)CCCCCCCC(=O)OC,FeatureCreature
297,methyl-9-decenoate,1778877.0,38.3,COC(=O)CCCCCCCC=C,FeatureCreature
323,anisole,7519.0,6.4,COC1=CC=CC=C1,FeatureCreature
341,guaiacol,460.0,19.0,COC1=CC=CC=C1O,FeatureCreature
338,"1,2 dimethoxybenzene",7043.0,17.0,COC1=CC=CC=C1OC,FeatureCreature
182,dipropylene glycol monomethyl ether,66984.0,43.9,COCCCOCCCO,FeatureCreature
43,2-methoxyethanol,8019.0,13.0,COCCO,FeatureCreature
52,"1,2-dimethoxyethane",8071.0,94.0,COCCOC,FeatureCreature
70,2-methoxyethyl ether,8150.0,122.67,COCCOCCOC,FeatureCreature
76,triethylene glycol monomethyl ether,8178.0,80.7,COCCOCCOCCO,FeatureCreature
81,triethyleneglycol dimethyl ether,8189.0,120.0,COCCOCCOCCOC,FeatureCreature
44,dimethoxymethane,8020.0,44.67,COCOC,FeatureCreature
658,"2,3(S),4,5(S),6-pentamethylheptane",,9.0,C[C@@H](C(C)C)C(C)[C@@H](C)C(C)C,Saldana
651,"2,2,4,4,6(S),8,8-heptamethylnonane",,15.0,C[C@@H](CC(C)(C)C)CC(C)(C)CC(C)(C)C,Saldana
656,"2,3(R),4,5(S),6-pentamethylheptane",,9.0,C[C@H](C(C)C)C(C)[C@@H](C)C(C)C,Saldana
655,"2,3(R),4,5(R),6-pentamethylheptane",,9.0,C[C@H](C(C)C)C(C)[C@H](C)C(C)C,Saldana
650,"2,2,4,4,6(R),8,8-heptamethylnonane",,15.0,C[C@H](CC(C)(C)C)CC(C)(C)CC(C)(C)C,Saldana
399,"1,2,3,4-tetramethylbenzene",,17.0,Cc1ccc(C)c(C)c1C,Saldana
404,"1,4-dimethylbenzene",,-13.0,Cc1ccc(C)cc1,Saldana
421,4-isopropyltoluene,,2.0,Cc1ccc(cc1)C(C)C,Saldana
413,"2,6-dimethylnaphthalene",,-13.0,Cc1ccc2cc(C)ccc2c1,Saldana
403,"1,3-xylene",,1.0,Cc1cccc(C)c1,Saldana
396,1-methylnaphthalene,,0.0,Cc1cccc2ccccc12,Saldana
397,"1,2-dimethylbenzene",,8.0,Cc1ccccc1C,Saldana
367,"(9Z,12Z,15Z)-octadeca-9,12,15-trien-1-ol",,41.0,OCCCCCCCC/C=C\C/C=C\C/C=C\CC,Saldana
398,"1,2-diphenylethane",,1.0,c1ccc(cc1)CCc1ccccc1,Saldana
433,diphenylmethane,,11.0,c1ccc(cc1)Cc1ccccc1,Saldana
431,biphenyl,,21.0,c1ccc(cc1)c1ccccc1,Saldana
430,benzene,,2.0,c1ccccc1,Saldana
