ID,compound_id,Smiles,pKi
1,CHEMBL3925977,O=C(O)c1ccc2cccnc2c1N1CCN(CCc2ccc(OCCCN3CCCCCC3)cc2)CC1,5.599999383
2,CHEMBL2171045,O=C(NS(=O)(=O)c1cccc(C(F)(F)F)c1)N1CCC(N2CCC(Oc3ccc(Cl)c(Cl)c3)CC2)CC1,7.400007822
3,CHEMBL3753784,COc1ccc(CNc2nc(N3CCN(C)CC3)nc3c2CCc2ccccc2-3)cc1-c1ccc(Cl)cc1,5.200000237
4,CHEMBL3917794,O=C(O)c1ccc2cccc(N3CCN(CCc4ccc(OCCCN5CCCCCC5)cc4)CC3)c2n1,6.599997654
5,CHEMBL240394,O=C(c1cc(F)cc(F)c1)N1CCN(c2ccc(OCCCN3CCCCC3)cc2)C(=O)C1,5.700000504
6,CHEMBL2441619,Cc1ccc2nc(C(F)(F)F)cc(N3CCNCC3)c2c1,6.399027104
7,CHEMBL302005,CN(C)C/C=C1\c2ccccc2COc2ccc(CC(=O)O)cc21,7.958607315
8,CHEMBL2207659,Cc1cc(Cl)ccc1OC1CCN(C[C@H](O)CNC(=O)c2c[nH]nc2C(F)(F)F)CC1,7.599980365
9,CHEMBL302468,N[C@@H](C(=O)N1CCN(CCCOc2ccc(C(=O)C3CC3)cc2)CC1)c1ccccc1,5.34000018
10,CHEMBL21731_NBI77418,CNCCCC12CCC(c3ccccc31)c1ccccc12,8.884128893
11,CHEMBL1794855,CCN(C)C1CCCc2ccncc21,5
12,CHEMBL2207279,Cc1cc(Cl)ccc1OC1CCN(C[C@H](O)CNC(=O)c2c[nH]c(=O)c3cc(F)ccc23)CC1,7.89997427
13,CHEMBL551888_NBI71280,CN(Cc1ccccc1)C1CCN(c2nc3ccccc3n2Cc2ccc(F)cc2)CC1,8.443697499
14,CHEMBL1767145,CN1CCC[C@@H]1Cn1nc(Cc2cccc(F)c2)c2ccccc2c1=O,9.299988938
15,CHEMBL402016,Cc1ccc2c(-c3nnc(SCCCN4CCc5cc6nc(C(F)(F)F)oc6cc5CC4)n3C)cccc2n1,5.800000875
16,CHEMBL4176546,CN(C)Cc1cccc(CN/C=C2/C(=O)NC(=O)c3ccccc32)c1,5
17,CHEMBL6437,CN1CCN2c3ccccc3Cc3ccccc3C2C1,9.263256515
18,CHEMBL452847,CN1CCN(c2nc(NCc3cccs3)c3cc(Cl)ccc3n2)CC1,6.980028895
19,CHEMBL238870,O=C(c1ccc(F)cc1)N1CCN(c2ccc(OCCCN3CCCCCC3)cc2)C(=O)C1,5.599999383
20,CHEMBL360202,NC(=O)N(O)CCC#Cc1ccc(OCCCCN2CCC(=C3c4ccc(Cl)cc4CCc4cccnc43)CC2)cc1,7.301029996
21,CHEMBL2158838,O=C(O)[C@H](Cc1ccc(Cl)cc1)N1CCC(CN2CCC(Oc3ccc(Cl)c(Cl)c3)CC2)CC1,7.500038134
22,CHEMBL1767162,O=c1c2ccccc2c(Cc2ccc(Cl)cc2)nn1CCNCCCCc1ccc(OCCCN2CCCCCC2)cc1,7.400007822
23,CHEMBL241330,CCOc1cc(CN2CCC(NC(=O)c3cccc(S(C)(=O)=O)c3)CC2)ccc1Cl,5.301029996
24,CHEMBL1910385,COc1ccc(CN(CCN(C)CC(C)Nc2ccc3[nH]c(C(=O)N4CCN(C)CC4)cc3c2)c2ccccn2)cc1,6.669992299
25,CHEMBL323562,CC1CCN(CCCOc2ccc(-c3ccc(C#N)cc3)cc2)CC1,6.36999951
26,CHEMBL4166178,O=C(CO)NC[C@H]1CCN(Cc2csc(-c3ccccc3)n2)C1,5.591420875
27,CHEMBL64059,N[C@H](CCc1ccccc1)C(=O)N1CCN(CCCOc2ccc(C(=O)C3CC3)cc2)CC1,5
28,CHEMBL270227,Cc1ccc2c(-c3nnc(SCCCN4CCc5cc6nc(C(F)(F)C(F)(F)F)oc6cc5CC4)n3C)cccc2n1,5.599999383
29,CHEMBL401777,CCc1nc2cc3c(c(C)c2o1)CCN(CCSc1nnc(-c2cccc4nc(C)ccc24)n1C)CC3,5.599999383
30,CHEMBL2158784,Cc1c(OC2CCN(CC3CCN([C@@H](Cc4ccc(F)cc4)C(=O)O)CC3)CC2)ccc(Cl)c1Cl,7.500038134
31,CHEMBL1910384,COc1ccc(CN(CCN[C@H]2CCN(C(=O)c3cc4ccccc4[nH]3)C2)c2ccccn2)cc1,6.33999828
32,CHEMBL2171023,O=C(O)c1ccccc1C(=O)N1CCC(N2CCC(Oc3ccc(Cl)c(Cl)c3)CC2)CC1,7.599980365
33,CHEMBL516088,COc1c(OCCF)cccc1C(=O)C1CCN(CCc2ccc(F)cc2)CC1,6.025028006
34,CHEMBL451821,CN[C@@H](C(=O)N(C)[C@H]1CC[C@@]2(C)C(=CC[C@@H]3[C@@H]2CC[C@]24CN(C)[C@@H](C)[C@H]2CC[C@@H]34)C1)C(C)C,5
35,CHEMBL240395,O=C(c1ccc(C(=O)N2CCN(c3ccc(OCCCN4CCCCC4)cc3)C(=O)C2)cc1)N1CCC1,5.599999383
36,CHEMBL28607,COc1ccc(N2CCN(Cc3c[nH]c4ncccc34)CC2)cc1,5
37,CHEMBL1643902,CN(CCc1cccc(F)c1)[C@H]1C2C3CC4C5C3CC2C5C41,5
38,CHEMBL106483,N#Cc1ccc(-c2ccc(OCCCN3CCOCC3)cc2)cc1,5.48999954
39,CHEMBL3739949,Cc1cc2nc(SCCN(C)C)[nH]c2cc1C,5
40,CHEMBL1278201,O=C(O)C1CCN(C2CC[C@]3(Cc4ccccc4Cc4ccccc43)C2)C1,7.799970733
41,CHEMBL319000,CN(C)[C@@H]1CCN(CCCOc2ccc(-c3ccc(C#N)cc3)cc2)C1,5.720000164
42,CHEMBL2158781,Cc1cc(F)ccc1OC1CCN(CC2CCN([C@@H](Cc3ccc(F)cc3)C(=O)O)CC2)CC1,6.799998135
43,CHEMBL1923532,CC(C)NCc1ccc(-c2ccccc2)o1,5.34000018
44,CHEMBL2171019,CS(=O)(=O)c1cccc(C(=O)N2CCC(N3CCC(Oc4ccc(Cl)c(Cl)c4)CC3)CC2)c1,8.100015437
45,CHEMBL305338,CCCCCC(=O)c1ccc(OCCCN2CCN(C(=O)Cc3ccccc3)CC2)cc1,7.250031916
46,CHEMBL3819567,O=C1NCN(c2ccccc2)C12CCN(CCCCc1nc3ccccc3s1)CC2,7.613765798
47,CHEMBL60401,CNCC(=O)N1CCN(CCCOc2ccc(C(=O)C3CC3)cc2)CC1,4
48,CHEMBL2207278,O=C(NC[C@@H](O)CN1CCC(Oc2ccc(Cl)c(Cl)c2)CC1)c1c[nH]c(=O)c2cc(F)ccc12,8.100015437
49,CHEMBL2146810,CCCCN1CCC[C@@H]1Cn1nc(Cc2ccc(Cl)cc2)c2ncccc2c1=O,9.199970641
50,CHEMBL61070,CCOC(=O)N1CCN(CCCOc2ccc(C(=O)C3CCCCC3)cc2)CC1,6.219999702
51,CHEMBL3753962,CN1CCN(c2nc(NCCc3ccccc3)nc3c2CCc2ccccc2-3)CC1,5.03000014
52,CHEMBL186125,NC(=O)N(O)CCC#Cc1ccc(OCCCCN2CCN([C@H](c3ccccc3)c3ccc(Cl)cc3)CC2)cc1,7.522878745
53,CHEMBL1078240,CCOc1cc(CN2CCC(Nc3nc4cc(Cl)c(S(N)(=O)=O)cc4o3)CC2)ccc1OC,5.994390555
54,CHEMBL1088898_NBI78705,Cc1nccnc1CC1=C(CCN(C)C)Cc2ccccc21,7.200659451
55,CHEMBL442456,CCc1nc2c3c(ccc2o1)CCN(CCCSc1nnc(-c2cccc4nc(C)ccc24)n1C)CC3,6.299997603
56,CHEMBL1767168,O=c1c2ccccc2c(Cc2ccc(Cl)cc2)nn1C[C@@H]1CCCN1CCCCc1ccc(OCCCN2CCCCCC2)cc1,7.599980365
57,CHEMBL728,CN1CCN(CCCN2c3ccccc3Sc3ccc(Cl)cc32)CC1,8.553773598
58,CHEMBL102416,N#Cc1ccc(-c2ccc(OCCCN3CCC(O)CC3)cc2)cc1,6.239999953
59,CHEMBL62741,CCCCCC(=O)c1ccc(OCCCN2CCN(C(=O)[C@H](N)CC(C)C)CC2)cc1,4.839999931
60,CHEMBL432144,CCCCCC(=O)c1ccc(OCCCN2CCN(CCC)CC2)cc1,5.4700002
61,CHEMBL1276948,O=C(O)C1CN(C2CC[C@]3(Cc4ccccc4Cc4ccccc43)C2)C1,8.199970641
62,CHEMBL2179222,COc1ccc(S(=O)(=O)n2cc(C)c3cc(Cl)cnc32)cc1NC1CCN(C)CC1,6.232102384
63,CHEMBL239510,C[C@H]1CCCN1CCCOc1ccc(N2CCN(C(=O)c3ccc(C#N)cc3)CC2=O)cc1,5.700000504
64,CHEMBL1767136,CN1CCC[C@@H]1Cn1nc(Cc2ccc(Cl)cc2)c2ccccc2c1=O,9.794959942
65,CHEMBL1277854,O=C(O)C1=CCN(C2CCC3(Cc4ccccc4Cc4ccccc43)C2)CC1,7.400007822
66,CHEMBL1079180,CCOc1cc(CN2CCC(Nc3nc4cc(Cl)c(S(N)(=O)=O)cc4o3)CC2)ccc1F,5.862013267
67,CHEMBL3557423,c1cnc2c(c1)cc([C@@H]1CCCO1)n2CCN1CCCCC1,5.749999856
68,CHEMBL3754008,COc1ccc(CNc2cc(-c3ccccc3)nc(N3CCN(C)CC3)n2)cc1,5.380000399
69,CHEMBL3818805,O=c1[nH]c2cc(Cl)ccc2n1C1CCN(CCCCc2c[nH]c3ccccc23)CC1,6.601730698
70,CHEMBL1277769,CC1(C(=O)O)CCN(C2CCC3(Cc4ccccc4Cc4ccccc43)C2)CC1,7.299988938
71,CHEMBL558339,Fc1ccc(Cn2c(N3CCC(n4cccc4)CC3)nc3ccccc32)cc1,7.226945307
72,CHEMBL3752270,CN1CCN(c2nc(NCc3ccccc3)nc3c2CCc2ccccc2-3)CC1,5.679999196
73,CHEMBL26880,O=C(c1ccc(-c2ccc(OCCCN3CCCC3)cc2)cc1)N1CCCC1,5.720000164
74,CHEMBL270387,Cn1c(SCCCN2CCc3ccc4oc(C(F)(F)F)nc4c3CC2)nnc1-c1ccccc1,5.899998417
75,CHEMBL272086,Cc1ccc2c(-c3nnc(SCCC(C)N4CCc5cc6c(cc5CC4)C(=O)N(C(C)C)C6)n3C)cccc2n1,5.599999383
76,CHEMBL2203551,c1ccc(OCc2cc(OC[C@@H]3CCCN3)no2)cc1,5
77,CHEMBL327651,CN(C)C[C@@H]1C[C@H]2c3ccccc3Cc3ccccc3[C@@H]2O1,8.427128398
78,CHEMBL3805995,NC[C@@H]1CC[C@H](c2c[nH]cn2)C1,5
79,CHEMBL3953343,CNCCOc1ccccc1Cc1ccccc1,7
80,CHEMBL327306,CN(C)CC1C[C@@H]2c3ccccc3Sc3ccccc3[C@H]2O1,8.366531544
81,CHEMBL1278112,O=C(O)C1CN(C2CC[C@]3(Cc4ccccc4Cc4ccccc43)C2)CCO1,7.199970641
82,CHEMBL3819366,Fc1ccc(OCCCN2CCc3ccccc3C2)cc1,6.418967974
83,CHEMBL402826,CCCc1nc2cc3c(cc2o1)CCN(CCCSc1nnc(-c2cccc4nc(C)ccc24)n1C)CC3,5.599999383
84,CHEMBL64235,CCCCCC(=O)c1ccc(OCCCN2CCN(C(=O)CSCC)CC2)cc1,5.959999286
85,CHEMBL305371,N[C@H](Cc1ccc(O)cc1)C(=O)N1CCN(CCCOc2ccc(C(=O)C3CC3)cc2)CC1,5.010000098
86,CHEMBL3899822,Clc1ccc(C(=CCCN2CCc3ccccc3C2)c2ccc(Cl)cc2)cc1,6.000434729
87,CHEMBL2207284,CNS(=O)(=O)c1ccc2c(C(=O)NC[C@@H](O)CN3CCC(Oc4ccc(Cl)c(Cl)c4)CC3)c[nH]c(=O)c2c1,7.599980365
88,CHEMBL1935440,c1ccc(OCCn2c(C3CCCN(Cc4ncco4)C3)nc3ccccc32)cc1,7.609064893
89,CHEMBL272899,CCCc1ccc2c(c1)sc(=O)n2CCN1CCCCCC1,6.507239611
90,CHEMBL1411979,CN(C)CCN(Cc1cccs1)c1ccccn1,8.744245213
91,CHEMBL2207658,O=C(NC[C@@H](O)CN1CCC(Oc2ccc(Cl)c(Cl)c2)CC1)c1c[nH]nc1C(F)(F)F,7.799970733
92,CHEMBL2031873,O=C(NC1CCCC1)c1ccc(-c2ccc3c(c2)CCN(CCN2CCCC2)C3=O)cc1,5.016824928
93,CHEMBL3922367,c1ccc(-c2ccccc2OC2CCNCC2)cc1,6.499996932
94,CHEMBL138989,C[C@@H]1C[C@@H](C)N1C(=O)[C@@H]1C=C2c3cccc4[nH]cc(c34)CC2N(C)C1,5.853871964
95,CHEMBL2158837,O=C(O)[C@H](Cc1ccccc1Cl)N1CCC(CN2CCC(Oc3ccc(Cl)c(Cl)c3)CC2)CC1,7.299988938
96,CHEMBL3921827,c1cnc2c(N3CCN(CCCc4ccc(OCCCN5CCCCCC5)cc4)CC3)cccc2c1,7.100015437
97,CHEMBL257901,Cc1ccc2c(-c3nnc(SCCN4CCc5cc6nc(C)oc6c(C)c5CC4)n3C)cccc2n1,5.599999383
98,CHEMBL343755,C[C@H]1C[C@H](C)N1C(=O)[C@@H]1C=C2c3cccc4[nH]cc(c34)CC2N(C)C1,5.602059991
99,CHEMBL302886,CCCCCC(=O)c1ccc(OCCCN2CCN(C(=O)C3CC3)CC2)cc1,5.749999856
100,CHEMBL193639,CN(C)C[C@H]1CC2c3ccccc3Sc3ccc(F)cc3[C@H]2O1,9.252922703
101,CHEMBL3959209,c1ccc2c(c1)CCN(CCCc1nc3ccccc3[nH]1)C2,6.537602002
102,CHEMBL559061_NBI71281,CN(C)CCN(C)C1CCN(c2nc3ccccc3n2Cc2ccc(F)cc2)CC1,8.537602002
103,CHEMBL1277125,O=C(O)C1=CCCN(C2CCC3(Cc4ccccc4Oc4ccccc43)C2)C1,7
104,CHEMBL2207662,O=C(NC[C@@H](O)CN1CCC(Oc2ccc(Cl)c(Cl)c2)CC1)c1c[nH]c(=O)cc1C(F)(F)F,8.400007822
105,CHEMBL3925332,O=C(O)c1cc(N2CCN(CCc3ccc(OCCCN4CCCCCC4)cc3)CC2)c2ncccc2c1,5.599999383
106,CHEMBL64773,CCCCCC(=O)c1ccc(OCCCN2CCN(C(=O)NC(C)C)CC2)cc1,5.920001602
107,CHEMBL559060,Fc1ccc(Cn2c(N3CCC(NCC4CCOCC4)CC3)nc3ccccc32)cc1,8.346787486
108,CHEMBL2207281,O=C(NC[C@@H](O)CN1CCC(Oc2ccc(Cl)c(Cl)c2)CC1)c1c[nH]c(=O)c2cc(S(=O)(=O)NCCO)ccc12,7.299988938
109,CHEMBL2207276,Cc1cc(Cl)ccc1OC1CCN(C[C@H](O)CNC(=O)c2c[nH]c(=O)c3cc(S(C)(=O)=O)ccc23)CC1,7.100015437
110,CHEMBL256015,Cc1ccc2c(-c3nnc(SCCCN4CCc5cc6nc(C(C)C)oc6cc5CC4)n3C)cccc2n1,5.499999679
111,CHEMBL181085,CC(C)COC(=O)N(O)CCC#Cc1ccc(OCCCCN2CCN(C(c3ccc(F)cc3)c3ccc(F)cc3)CC2)cc1,8.119758224
112,CHEMBL272775,Cc1ncoc1-c1nnc(SCCCN2CCc3ccc4nc(C(C)(F)F)oc4c3CC2)n1C,5.700000504
113,CHEMBL62266,CCCCCC(=O)c1ccc(OCCCN2CCN(C(=O)[C@H](Cc3ccncc3)NC(=O)OC(C)(C)C)CC2)cc1,5.03000014
114,CHEMBL63036,CCCCCC(=O)c1ccc(OCCCN2CCN(C(=O)c3ccccn3)CC2)cc1,6.379999358
115,CHEMBL2146806,CCCCN1CCC[C@@H]1Cn1nc(Cc2ccc(Cl)cc2)c2cnccc2c1=O,9.400007822
116,CHEMBL255567,CCc1nc2cc3c(cc2s1)CCN(CCCSc1nnc(-c2ocnc2C)n1C)CC3,5.599999383
117,CHEMBL3924565,O=C(CCCN1CCCc2ccccc2C1)c1ccc(Cl)cc1,5.495802323
118,CHEMBL42335,CC1=C(C(=O)NCCCN2CCC(C#N)(c3ccc(F)cc3C#N)CC2)[C@@H](c2ccc(F)c(F)c2)CC(=O)N1,7.040958608
119,CHEMBL303737,N[C@H](CC1CCCCC1)C(=O)N1CCN(CCCOc2ccc(C(=O)C3CC3)cc2)CC1,4.839999931
120,CHEMBL180233,CC(C)OC(=O)N(O)CCC#Cc1ccc(OCCCCN2CCN(C(c3ccc(F)cc3)c3ccc(F)cc3)CC2)cc1,8.019996628
121,CHEMBL1767165,COc1ccc(Cc2nn(C[C@H]3CCCN3CCCCc3ccc(OCCCN4CCCCCC4)cc3)c(=O)c3ccccc23)cc1,8.100015437
122,CHEMBL2158774,Cc1ccc(C[C@@H](C(=O)O)N2CCC(CN3CCC(Oc4ccc(Cl)c(Cl)c4)CC3)CC2)cc1,7.100015437
123,CHEMBL60435,O=C(c1ccc(OCCCN2CCN(C(=O)C[C@H]3CCCN3)CC2)cc1)C1CC1,4.019999994
124,CHEMBL561489_NBI70966,CN(c1ncccn1)C1CCN(c2nc3ccccc3n2Cc2ccc(F)cc2)CC1,7.123782159
125,CHEMBL3941795,Clc1ccc2sc(CCCCN3CCC4CCCCC4C3)nc2c1,6.570935411
126,CHEMBL29808,C=Cc1ccc(N2CCN(Cc3c[nH]c4ncccc34)CC2)cc1,5
127,CHEMBL1767138,CN1CCC[C@@H]1Cn1nc(Cc2ccc(O)cc2)c2ccccc2c1=O,9.799970733
128,CHEMBL2158783,Cc1c(Cl)ccc(OC2CCN(CC3CCN([C@@H](Cc4ccc(F)cc4)C(=O)O)CC3)CC2)c1Cl,7.400007822
129,CHEMBL291166,CC1=C(C(=O)NCCCN2CCC(C#N)(c3ccc(F)cc3)CC2)[C@@H](c2ccc(F)c(F)c2)CC(=O)N1C,6.449771647
130,CHEMBL1277034,O=C(O)CC1CN(C2CCC3(Cc4ccccc4Cc4ccccc43)C2)C1,6.499996932
131,CHEMBL185825,NC(=O)N(O)CCC#Cc1ccc(OCCCN2CCN(C(c3ccc(F)cc3)c3ccc(F)cc3)CC2)cc1,6.962573502
132,CHEMBL559206,O=C(c1ccccc1)N1CCN(c2ccc(OCCCN3CCCCC3)cc2)C(=O)C1,5.899998417
133,CHEMBL572034,Cc1ccc(CCCCN2CCC(C(O)c3ccccc3)CC2)cc1,6.91721463
134,CHEMBL1767167,O=c1c2ccccc2c(Cc2ccc(Cl)cc2)nn1C[C@H]1CCCN1CCCCCc1ccc(OCCCN2CCCCCC2)cc1,7.89997427
135,CHEMBL1222694,Cc1cn2c(n1)C(N1CCN(CC(C)(C)C(=O)O)CC1)=Cc1ccccc1C2,7.299988938
136,CHEMBL1632174,O=C(O)CCCCCN1CCC(CNC(=O)c2c3n(c4ccccc24)CCCO3)CC1,5
137,CHEMBL238504,O=C(c1cnn2cccnc12)N1CCN(c2ccc(OCCCN3CCCCC3)cc2)C(=O)C1,5.499999679
138,CHEMBL551347,Fc1ccc(Cn2c(N3CCC(n4cccn4)CC3)nc3ccccc32)cc1,7.73754891
139,CHEMBL2146812,CN1CCC[C@@H]1Cn1nc(Cc2ccc(Cl)cc2)c2nccnc2c1=O,8.890084137
140,CHEMBL2429890,c1cc2c(cc1CN[C@H]1C3C4CC5C6C4CC3C6C51)OCO2,5.379031564
141,CHEMBL102452,N#Cc1ccc(-c2ccc(OCCCN3CCC(N)CC3)cc2)cc1,5.450000476
142,CHEMBL1277678,O=C(O)C1(F)CCN(C2CC[C@]3(Cc4ccccc4Cc4ccccc43)C2)CC1,7.400007822
143,CHEMBL61120,NCCC(=O)N1CCN(CCCOc2ccc(C(=O)C3CC3)cc2)CC1,4.549999989
144,CHEMBL269994,CCc1nc2cc3c(c(C)c2o1)CCN(CCCCSc1nnc(-c2cccc4nc(C)ccc24)n1C)CC3,5.599999383
145,CHEMBL1935431,CN(C)C(=O)CN1CCCC(c2nc3ccccc3n2Cc2ccc(F)cc2)C1,8.147367569
146,CHEMBL421026,N#Cc1ccc(-c2ccc(OCCCN3CC4CNCC4C3)cc2)cc1,5.540000226
147,CHEMBL2146801,COCCN1CCC[C@@H]1Cn1nc(Cc2ccc(Cl)cc2)c2cnccc2c1=O,9.599980365
148,CHEMBL239101,O=C(c1cc(F)cc(F)c1)N1CCN(c2ccc(OC3CCN(C4CCC4)CC3)cc2)C(=O)C1,5.800000875
149,CHEMBL2208436,N#Cc1cccc(OC[C@@H](O)CNC2CCN(Cc3ccc(Cl)c(Cl)c3)CC2)c1,6.299997603
150,CHEMBL571073,Cc1ccc(CCCCN2CCCCC2)cc1,5.494850022
151,CHEMBL271909,Cc1ccc2c(-c3nnc(SCCCN4CCc5ccc6nc(C)sc6c5CC4)n3C)cccc2n1,6.599997654
152,CHEMBL401752,CCc1nc2cc3c(c(C)c2o1)CCN(CCCSc1nnc(-c2cccc4nc(C)ccc24)n1C)CC3,5.700000504
153,CHEMBL1278202,CC1(C(=O)O)CCN(C2CC[C@]3(Cc4ccccc4Cc4ccccc43)C2)C1,7.89997427
154,CHEMBL2207671,CS(=O)(=O)c1ccc2c(C(=O)NC[C@@H](O)CN3CCC(Oc4ccc(Cl)c(Cl)c4)CC3)c[nH]c(=O)c2c1,7.7000571
155,CHEMBL3963375,c1ccc(Cc2ccc(OC3CCNCC3)cc2)cc1,5
156,CHEMBL1172_NBI70350,Clc1ccc2c(c1)CCc1cccnc1C2=C1CCNCC1,8.974572415
157,CHEMBL295001,CC1=C(C(=O)NCCCN2CCC(C#N)(c3ccc(F)cc3F)CC2)[C@@H](c2ccc(F)c(F)c2)CC(=O)N1,6.966576245
158,CHEMBL2207657,Cc1cc(Cl)ccc1OC1CCN(C[C@H](O)CNC(=O)c2c[nH]c(=O)c3c(F)cccc23)CC1,8.599980365
159,CHEMBL2158823,O=C(O)c1cccc(N2CCC(CN3CCC(Oc4ccc(Cl)c(Cl)c4)CC3)CC2)c1,8.299988938
160,CHEMBL562894_NBI86527,COc1ccc(Cn2c(N3CCC(n4cc(C)cn4)CC3)nc3ccccc32)cc1,8.148741651
161,CHEMBL64408,CCCCCC(=O)c1ccc(OCCCN2CCN(C(=O)OC)CC2)cc1,5.969999718
162,CHEMBL1767163,CN(CCCCc1ccc(OCCCN2CCCCCC2)cc1)CCn1nc(Cc2ccc(Cl)cc2)c2ccccc2c1=O,7.400007822
163,CHEMBL240393,CS(=O)(=O)c1cccc(C(=O)N2CCN(c3ccc(OCCCN4CCCCC4)cc3)C(=O)C2)c1,5.499999679
164,CHEMBL4174189,CCOC(=O)CCN1CCN(c2ccc3c(c2)CN(C(=O)OCc2ccccc2)C3)CC1,5.974284616
165,CHEMBL415,CN(C)CCCN1c2ccccc2CCc2ccc(Cl)cc21,8.007579044
166,CHEMBL1222695,CC(C)(CN1CCN(C2=Cc3ccccc3Cn3cc(Cl)nc32)CC1)C(=O)O,7.100015437
167,CHEMBL3806015,N#C/N=C(/NCCOc1ccccc1)NC[C@@H]1CC[C@H](c2c[nH]cn2)C1,5
168,CHEMBL1090175,COc1ccc2c(c1)CC(CCN(C)C)=C2[C@@H](C)c1cnccn1,8.508638306
169,CHEMBL1940404,OC1(c2ccc(Cl)cc2)CCN(CCCOc2ccc(F)cc2)CC1,6.155771419
170,CHEMBL2171038,Cc1ccccc1S(=O)(=O)NC(=O)N1CCC(N2CCC(Oc3ccc(Cl)c(Cl)c3)CC2)CC1,7.299988938
171,CHEMBL4287623,OC1(c2ccc(Cl)c(C(F)(F)F)c2)CCN(CCCC=C(c2ccc(F)cc2)c2ccc(F)cc2)CC1,6.143875556
172,CHEMBL283036,FC(F)(F)c1ccc(N2CCN(Cc3c[nH]c4ncccc34)CC2)cc1,5
173,CHEMBL648_NBI921993,CN1CCN(C(c2ccccc2)c2ccccc2)CC1,8.352323687
174,CHEMBL2171040,COc1ccccc1S(=O)(=O)NC(=O)N1CCC(N2CCC(Oc3ccc(Cl)c(Cl)c3)CC2)CC1,7.7000571
175,CHEMBL2207663,Cc1cc(Cl)ccc1OC1CCN(C[C@H](O)CNC(=O)c2c[nH]c(=O)cc2C(F)(F)F)CC1,8
176,CHEMBL2151156,CC1(C)CCCN(CCCOc2ccc(C3CCN(C(=O)c4ccc(CCC(=O)O)c5ccccc45)CC3)cc2)C1,7.89997427
177,CHEMBL1093294,COc1ncccc1[C@@H](C)c1c(CCN(C)C)sc2ccccc12,8.537602002
178,CHEMBL560741_NBI73077,CN(C)CCC1=C(Cc2ccc(F)cc2)c2ccccc2C1,9.22184875
179,CHEMBL2376801,CCc1cnc2c(N3CC[C@@H](NC)C3)nc(N)nc2c1,4.950000176
180,CHEMBL406678,Cc1ccc2c(-c3nnc(SCCCN4CCc5nc6ccccn6c5CC4)n3C)cccc2n1,5.700000504
181,CHEMBL3233067,O=C1NC(c2ccccc2)(c2ccccc2)C(=O)N1CCCN1CCCCC1,5.210000001
182,CHEMBL250403,CCCN1CCO[C@H](c2cccc(O)c2)C1,5.698970004
183,CHEMBL2158820,O=C(O)[C@H](c1ccccc1)N1CCC(CN2CCC(Oc3ccc(Cl)c(Cl)c3)CC2)CC1,7.599980365
184,CHEMBL1632158,COC(=O)CCCCCN1CCC(CNC(=O)c2c3n(c4ccccc24)CCCO3)CC1,5.899998417
185,CHEMBL304714,CCCC(=O)c1ccc(OCCCN2CCN(C(=O)OCC)CC2)cc1,6.130000141
186,CHEMBL1628227,CN(C)CCC=C1c2ccccc2COc2ccccc21,9.843501558
187,CHEMBL1940418,Fc1ccc(CCCCN2CCN(c3ccccn3)CC2)cc1,6.777283529
188,CHEMBL3983211,CN1CCC(Oc2ccccc2)CC1,6.599997654
189,CHEMBL3357027,CCOC(=O)N1CCC(=C2c3ccc(Cl)cc3CCc3ccc(C(=O)OC)nc32)CC1,5
190,CHEMBL256488,Cc1ccc2c(-c3nnc(SCCCN4CCc5ccc6nc(C(C)(F)F)oc6c5CC4)n3C)cccc2n1,5.800000875
191,CHEMBL270239,Cc1ccc2c(-c3nnc(SCCC(C)N4CCc5cc6nc(C)oc6c(C)c5CC4)n3C)cccc2n1,5.599999383
192,CHEMBL2171036,COc1ccc(S(=O)(=O)NC(=O)N2CCC(N3CCC(Oc4ccc(Cl)c(Cl)c4)CC3)CC2)cc1,7.7000571
193,CHEMBL271631,CCc1nc2cc3c(cc2s1)CCN(CCCSc1nnc(-c2cccc4nc(C)ccc24)n1C)CC3,5.700000504
194,CHEMBL64120,CC(C)(C)OC(=O)N1CCC[C@@H]1C(=O)N1CCN(CCCOc2ccc(C(=O)C3CC3)cc2)CC1,4.330000038
195,CHEMBL2207669,N#Cc1ccc(OC2CCN(C[C@H](O)CNC(=O)c3c[nH]c(=O)c4ccccc34)CC2)cc1Cl,6.900008766
196,CHEMBL85606,N#Cc1ccc2c(c1)CCN(CC[C@H]1CC[C@H](NC(=O)c3ccnc4ccccc34)CC1)C2,6.199998172
197,CHEMBL1824778,OC12CC3CC(CC(C3)N1Cc1cccc(F)c1)C2,5
198,CHEMBL621,O=c1n(CCCN2CCN(c3cccc(Cl)c3)CC2)nc2ccccn12,7.37675071
199,CHEMBL2158835,O=C(O)[C@H](Cc1ccccc1)N1CCC(CN2CCC(Oc3ccc(Cl)c(Cl)c3)CC2)CC1,7.299988938
200,CHEMBL157138,CCN(CC)C(=O)N[C@H]1C=C2c3cccc4[nH]cc(c34)C[C@H]2N(C)C1,7.721246399
201,CHEMBL558663,COc1ccc(Cn2c(N3CCC(N(C)CC4CCOCC4)CC3)nc3ccccc32)cc1,7.850780887
202,CHEMBL90,NCCc1c[nH]cn1,4.365231115
203,CHEMBL401576,Cc1noc2cc3c(cc12)CCN(CCCSc1nnc(-c2ccc(C(F)(F)F)cc2)n1C)CC3,6.199998172
204,CHEMBL303369,CCCCCC(=O)c1ccc(OCCCN2CCN(C(=O)[C@H](N)C(C)C)CC2)cc1,4.779999976
205,CHEMBL3806206,CN/C(=N\C#N)NC[C@@H]1CC[C@H](c2c[nH]cn2)C1,5
206,CHEMBL2208434,O=C(NC[C@@H](O)CN1CCC(Oc2ccc(Cl)c(Cl)c2)CC1)c1cc(=O)[nH]c2ccccc12,8.400007822
207,CHEMBL2207661,O=C(NC[C@@H](O)CN1CCC(Oc2ccc(Cl)c(Cl)c2)CC1)c1c[nH]nc1C1CC1,7.89997427
208,CHEMBL150161,O=C(CCCN1CCC(O)(c2ccc(Cl)cc2)C1)c1ccc(F)cc1,6.209632599
209,CHEMBL63125,CCCCCC(=O)c1ccc(OCCCN2CCN(C(=O)[C@@H](C)NC(=O)OC(C)(C)C)CC2)cc1,5.169999984
210,CHEMBL104669,N#Cc1ccc(-c2ccc(OCCCN3CC[C@@H](O)C3)cc2)cc1,5.349999603
211,CHEMBL240567,O=C(c1cc(F)cc(F)c1)N1CCN(c2ccc(OC3CCN(C4CCCC4)CC3)cc2)C(=O)C1,5.599999383
212,CHEMBL239963,O=C(c1ccc(F)cc1)N1CCN(c2ccc(OC3CCN(C4CCCC4)CC3)cc2)C(=O)C1,5.599999383
213,CHEMBL3805220,N#C/N=C(/NCCSc1ccccc1)NC[C@@H]1CC[C@@H](c2c[nH]cn2)C1,5.101823517
214,CHEMBL3818124,O=C1NCN(c2ccccc2)C12CCN(CCCCc1nc3cc(Cl)ccc3s1)CC2,6.570024389
215,CHEMBL295395,CC1=C(C(=O)NCCCN2CCC(C#N)(c3ccc(F)cc3F)CC2)[C@@H](c2ccc(F)c(F)c2)CC(=O)N1C,6.519993057
216,CHEMBL402853,Cc1ccc2c(-c3nnc(SCCCN4CCc5ccc6oc(-c7cc(C)nn7C)nc6c5CC4)n3C)cccc2n1,6
217,CHEMBL558467,CN(C)C1CCN(c2nc3ccccc3n2Cc2ccc(F)cc2)CC1,8.744727495
218,CHEMBL1940412,Fc1ccc(OCCCN2CCN(c3ccccc3)CC2)cc1,7.201349355
219,CHEMBL403815,Cc1ccc2c(-c3nnc(SCCCN4CCc5c(Cl)cc6oc(C)nc6c5CC4)n3C)cccc2n1,5.800000875
220,CHEMBL2031874,CN(C)C(=O)c1ccc(-c2ccc3c(c2)CCN(CCN2CCCC2)C3=O)cc1,5
221,CHEMBL240178,CS(=O)(=O)c1ccc(C(=O)N2CCN(c3ccc(OC4CCN(C5CCCC5)CC4)cc3)C(=O)C2)cc1,5.599999383
222,CHEMBL1381010,Cc1cc(N2CCN(C)CC2)nc(N2CCOCC2)n1,5
223,CHEMBL30008,Fc1ccc(C(c2ccc(F)cc2)N2CCN(C/C=C/c3ccccc3)CC2)cc1,7.744727495
224,CHEMBL558468,COc1ccc(Cn2c(N3CCC(N(C)C)CC3)nc3ccccc32)cc1,8.619788758
225,CHEMBL1767160,O=c1c2ccccc2c(Cc2ccc(Cl)cc2)nn1C1CCCN(CCCc2ccc(OCCCN3CCCCCC3)cc2)CC1,7.799970733
226,CHEMBL535631,CC(C)N1CCC(Oc2ccc(N3CCN(C(=O)c4ccc(F)cc4)CC3=O)cc2)CC1,5.599999383
227,CHEMBL64799,CCOC(=O)N1CCN(CCCOc2ccc(C(=O)Cc3ccccc3)cc2)CC1,6.030002001
228,CHEMBL2207660,Cc1c(Cl)ccc(OC2CCN(C[C@H](O)CNC(=O)c3c[nH]nc3C(F)(F)F)CC2)c1Cl,7.400007822
229,CHEMBL2146813,O=c1c2ccncc2c(Cc2ccc(Cl)cc2)nn1C[C@H]1CCCN1CCCCc1ccc(OCCCN2CCCCCC2)cc1,7.759950228
230,CHEMBL256016,Cc1ncoc1-c1nnc(SCCCN2CCc3cc4nc(C(C)C)oc4cc3CC2)n1C,5.499999679
231,CHEMBL4165881,Cc1cccc(N2CCN(CCNc3cncc(Cl)n3)CC2)c1,5.609948504
232,CHEMBL2158793,Cc1cc(F)ccc1OC1CCN(CC2CCN([C@@](C)(Cc3ccc(F)cc3)C(=O)O)CC2)CC1,7.100015437
233,CHEMBL440512,Cc1cc2c(s1)Nc1ccccc1N=C2N1CC[N+](C)([O-])CC1,7.060480747
234,CHEMBL1923535,NCCc1ccccc1Oc1ccccc1,4.960000078
235,CHEMBL104809,O=C(c1ccc(OCCCN2CC[C@H](NS(=O)(=O)c3cccc(F)c3)C2)cc1)C1CC1,5.229147988
236,CHEMBL2151155,CS(=O)(=O)c1ccc(C(=O)N2CCN(c3ccc(OC4CCN(C5CCC5)CC4)cc3)CC2)cc1,5.599999383
237,CHEMBL3935303,O=C(O)CCc1ccc2cccc(N3CCN(CCc4ccc(OCCCN5CCCCCC5)cc4)CC3)c2n1,7.89997427
238,CHEMBL400612,N#Cc1ccc(C(=O)N2CCN(c3ccc(OCCCN4CCCCCC4)cc3)C(=O)C2)cc1,5.599999383
239,CHEMBL1824777,OC12CC3CC(CC(C3)N1Cc1ccccc1)C2,5
240,CHEMBL459350,CN(CCC=C1c2ccccc2CCc2ccccc21)Cc1ccc(OCCCN2CCCCC2)cc1,7.102372909
241,CHEMBL476109,O=C(CCCN1C2CCC1CN(c1ccc(Cl)cc1)CC2)c1ccc(F)cc1,5.993962045
242,CHEMBL2171032,CS(=O)(=O)c1cccc(C(=O)N2CC[C@@H](N3CCC(Oc4ccc(Cl)c(Cl)c4)CC3)[C@H](C(=O)O)C2)c1,6.699991797
243,CHEMBL3217984,CN1CCC2C(C1)c1cccc3c1N2c1ccccc1CS3,8.500038134
244,CHEMBL2171034,O=C(NS(=O)(=O)c1ccc(F)cc1)N1CCC(N2CCC(Oc3ccc(Cl)c(Cl)c3)CC2)CC1,7.299988938
245,CHEMBL240187,CS(=O)(=O)c1ccc(C(=O)N2CCN(c3ccc(OCCCN4CCCCC4)cc3)C(=O)C2)cc1,5.700000504
246,CHEMBL2208426,CS(=O)(=O)c1ccc(C(=O)NC[C@@H](O)CN2CCC(Oc3ccc(Cl)c(Cl)c3)CC2)s1,7
247,CHEMBL3753849,CN1CCN(c2nc(NCc3ccccc3)cc(-c3ccccc3)n2)CC1,5.599999383
248,CHEMBL571390,Cc1ccc(CN2CCC(C(O)(c3ccccc3)c3ccccc3)CC2)cc1,7.795880017
249,CHEMBL105483,CCOC(=O)N1CCN(CCCOc2ccc(-c3ccc(OC)cc3)cc2)CC1,6.450004148
250,CHEMBL404404,Cc1ccc(-c2nnc(SCCCN3CCc4ccc5oc(C(F)(F)F)nc5c4CC3)n2C)cn1,5.700000504
251,CHEMBL305313,CCOC(=O)N1CCN(CCCOc2ccc(C(=O)C=C(C)C)cc2)CC1,6.450004148
252,CHEMBL62066,CCOC(=O)N1CCN(CCCOc2ccc(C(=O)CC)cc2)CC1,5.779999191
253,CHEMBL588119,CCCCCCCCN[C@H](C)[C@@H](O)c1ccc(SC(C)C)cc1,5.6062669
254,CHEMBL244946,Cc1ccc2c(-c3nnc(SCCCN4CCc5ccc(-c6cc(C)nn6C)cc5CC4)n3C)cccc2n1,6.099999035
255,CHEMBL102331,CC(=O)c1ccc(OCCCN2CC[C@H](NC(=O)c3cccnc3)C2)cc1,5.13076828
256,CHEMBL1087367_NBI72751,COc1ccc(Cn2c(N3CC[C@@H](N(C)C)C3)nc3ccccc32)cc1,8.075720714
257,CHEMBL2208418,O[C@@H](CNC1CCN(Cc2ccc(Cl)c(Cl)c2)CC1)COc1ccc2ncsc2c1,6.499996932
258,CHEMBL4173176,C[C@H](CNc1cncc(Cl)n1)N1CCN(c2ccccc2)CC1,5.941573976
259,CHEMBL455288,O=C(OCCN1CCN(CCCN2c3ccccc3Sc3ccc(C(F)(F)F)cc32)CC1)c1ccc(OCCCN2CCCCC2)cc1,6.408935393
260,CHEMBL1259172,NCc1ccc2c(c1)c(C1CCN(CCN3CCNC3=O)CC1)cn2-c1ccc(F)cc1,7.193820026
261,CHEMBL60509,CCCCCC(=O)c1ccc(OCCCN2CCN(C(=O)c3cnco3)CC2)cc1,5.36999951
262,CHEMBL74688,NC(=O)N(O)CCC#C[C@H]1CC[C@H](CN2CCN([C@H](c3ccccc3)c3ccc(Cl)cc3)CC2)O1,6.744727495
263,CHEMBL328662,O=C(c1ccc(F)cc1)C1CCN(CC2C[C@@H]3c4ccccc4Cc4ccccc4[C@H]3O2)CC1,8.721246399
264,CHEMBL304888,CC(C)N[C@H](C)C(=O)N1CCN(CCCOc2ccc(C(=O)C3CC3)cc2)CC1,4.330000038
265,CHEMBL194659,CN(C)C[C@H]1CC2c3ccccc3Oc3ccc(F)cc3[C@H]2O1,8.124938737
266,CHEMBL402377,C[C@H]1CCCN1CCc1ccc2ccccc2c1,6
267,CHEMBL60620,CCCCCC(=O)c1ccc(OCCCN2CCN(C(=O)NCC)CC2)cc1,5.800000875
268,CHEMBL105762,C[C@@H]1CC[C@@H](C)N1CCCOc1ccc(-c2ccc(C#N)cc2)cc1,6.250001023
269,CHEMBL564226_NBI73687,C[C@H](C1=C(CCN(C)C)Cc2ccccc21)c1ccccn1,9.37897788
270,CHEMBL563055,COc1ccc(Cn2c(N3CCC(NCC4CCOCC4)CC3)nc3ccccc32)cc1,7.850780887
271,CHEMBL1113,Clc1ccc2c(c1)C(N1CCNCC1)=Nc1ccccc1O2,7.958607315
272,CHEMBL104947,CCOC(=O)N1CCN(CCCOc2ccc(-c3c[nH]cn3)cc2)CC1,5.829999527
273,CHEMBL478617,O=C(CCCN1C2CCC1CC(O)(c1ccccc1)C2)c1ccc(F)cc1,6.19695279
274,CHEMBL292275,CCOC(=O)N1CCN(CCCOc2ccc(C(=O)/C=C/c3ccc(OC)cc3)cc2)CC1,6.20999648
275,CHEMBL4293307,COc1ccc(N(CCCCN2CCC(O)(c3ccc(Cl)c(C(F)(F)F)c3)CC2)c2ccc(OC)cc2)cc1,5.152982902
276,CHEMBL2208423,N#Cc1cccc(C(=O)NC[C@@H](O)CN2CCC(Oc3ccc(Cl)c(Cl)c3)CC2)c1,7.7000571
277,CHEMBL3321792,OC1(c2ccc(Cl)cc2)CC2CCC(C1)N2CCCSc1ccccc1F,5.996108834
278,CHEMBL3094128,O=C(N[C@H]1CCN(Cc2ccc(OCCCN3CCCCC3)cc2)C1)c1ccc2c(c1)OCO2,5.599999383
279,CHEMBL239964,N#Cc1ccc(C(=O)N2CCN(c3ccc(OC4CCN(C5CCCC5)CC4)cc3)C(=O)C2)cc1,5.599999383
280,CHEMBL2158778,O=C(O)[C@H](Cc1ccc(F)cc1)N1CCC(CN2CCC(Oc3ccc(Cl)cc3)CC2)CC1,6.399996913
281,CHEMBL1078745,CCOc1cc(CN2CCC(Nc3nc4ccccc4o3)CC2)cc(OC2CCOCC2)c1,5.443697499
282,CHEMBL4163265,Fc1ccccc1N1CCN(CCCNc2cncc(Cl)n2)CC1,6.872895202
283,CHEMBL896_NBI70152,OCCOCCN1CCN(C(c2ccccc2)c2ccc(Cl)cc2)CC1,8.698970004
284,CHEMBL1278113,O=C(O)C1CN(C2CC[C@]3(Cc4ccccc4Cc4ccccc43)C2)CCN1,7
285,CHEMBL1767150,COc1ccc(Cc2nn(C[C@H]3CCCN3C)c(=O)c3ccccc23)cc1OC,5.800000875
286,CHEMBL4282702,OC1(c2ccc(Cl)c(C(F)(F)F)c2)CCN(CCCCCc2ccc(F)cc2)CC1,6.143875556
287,CHEMBL1092663_NBI79907,Cc1ccc2c(c1)CC(CCN(C)C)=C2[C@@H](C)c1cnccn1,8.37675071
288,CHEMBL2158788,Cc1c(OC2CCN(CC3CCN([C@@H](Cc4ccccc4)C(=O)O)CC3)CC2)ccc(Cl)c1Cl,7.199970641
289,CHEMBL460402,CN(CCC=C1c2ccccc2CCc2ccccc21)C(=O)c1ccc(OCCCN2CCCCC2)cc1,6.163675884
290,CHEMBL292195,CN(CCCCc1c[nH]cn1)CCC(c1ccc(Cl)cc1)c1ccccn1,8.15490196
291,CHEMBL264761,C=C(C)C(=O)c1ccc(OCCCN2CCN(C(=O)OCC)CC2)cc1,6.009998765
292,CHEMBL3904359,c1ccc(OC2CCNCC2)cc1,5.400000186
293,CHEMBL1277491,O=C(O)C1CCN(C2CCC3(C2)C(=O)c2cc(F)ccc2Sc2ccccc23)CC1,6.699991797
294,CHEMBL593103,CN1CCN(c2cc(NCc3ccc(F)cc3)nc(N)n2)CC1,6
295,CHEMBL3817898,COc1ccc(C(=O)CCCN2CCc3ccccc3C2)cc1,6.682769023
296,CHEMBL1278020,COC(=O)C1=CCCN(C2CC[C@]3(Cc4ccccc4Cc4ccccc43)C2)C1,7.799970733
297,CHEMBL417215,N[C@H](Cc1ccc(F)cc1)C(=O)N1CCN(CCCOc2ccc(C(=O)C3CC3)cc2)CC1,5.03000014
298,CHEMBL639_NBI921995,CN1CCCC(n2nc(Cc3ccc(Cl)cc3)c3ccccc3c2=O)CC1,8.913388445
299,CHEMBL239744,O=C(c1ccc(Cl)cc1)N1CCN(c2ccc(OC3CCN(C4CCCC4)CC3)cc2)C(=O)C1,5.800000875
300,CHEMBL102925,CCc1ccc(S(=O)(=O)N[C@H]2CCN(CCCOc3ccc(C(=O)C4CC4)cc3)C2)cc1,5.638272164
301,CHEMBL2158777,O=C(O)[C@H](Cc1cccc(C(F)(F)F)c1)N1CCC(CN2CCC(Oc3ccc(Cl)c(Cl)c3)CC2)CC1,6.799998135
302,CHEMBL568892,COC(=O)c1ccc(CCCCN2CCC(C(O)(c3ccccc3)c3ccccc3)CC2)cc1,7.698970004
303,CHEMBL1779058,O=C(CCCN1C2C3C4CC5C6C4C2C6C1(O)C53)c1ccc(F)cc1,5.624885315
304,CHEMBL1915535,CN1CCN(c2cc(NCCC(C)(C)C)ncn2)CC1,5
305,CHEMBL494093,CN1CCN(c2nc(N)nc3c2CCc2ccccc2-3)CC1,5.039999924
306,CHEMBL294087,CN[C@@H](C(=O)N1CCN(CCCOc2ccc(C(=O)C3CC3)cc2)CC1)C(C)C,4.459999938
307,CHEMBL420108,N#Cc1ccccc1S(=O)(=O)N[C@H]1CCN(CCCOc2ccc(C(=O)C3CC3)cc2)C1,5.207608311
308,CHEMBL2158831,O=C(O)c1ccccc1CN1CCC(CN2CCC(Oc3ccc(Cl)c(Cl)c3)CC2)CC1,7.199970641
309,CHEMBL291847,CCCCCC(=O)c1ccc(OCCCN2CCN(C(=O)[C@@H](N)CC(C)C)CC2)cc1,5.010000098
310,CHEMBL65518,CCCCCC(=O)c1ccc(OCCCN2CCN(C(=O)N3CCOCC3)CC2)cc1,5.380000399
311,CHEMBL3953018,N#Cc1ccc(N2CCN(CCc3ccc(OCCCN4CCCCCC4)cc3)CC2)c2ncccc12,6
312,CHEMBL4173260,CN1CCN(CCCCNC(=O)c2cn3ccccc3n2)CC1,5
313,CHEMBL2158839,O=C(O)[C@H](Cc1ccccc1F)N1CCC(CN2CCC(Oc3ccc(Cl)c(Cl)c3)CC2)CC1,7.299988938
314,CHEMBL106596,N#Cc1ccc(-c2ccc(OCCCN3CCCC(O)C3)cc2)cc1,5.110000065
315,CHEMBL3971383,Clc1ccc2sc(CCCCN3CCc4c(Cl)cccc4C3)nc2c1,6.250906498
316,CHEMBL2158822,O=C(O)c1ccccc1N1CCC(CN2CCC(Oc3ccc(Cl)c(Cl)c3)CC2)CC1,8.199970641
317,CHEMBL1946126,Fc1ccc(OCCCN2CCCN(c3ccc(Cl)cc3)CC2)cc1,6.293282218
318,CHEMBL1277217,O=C(O)C1(F)CCN(C2CCC3(Cc4ccccc4Oc4ccccc43)C2)CC1,6.799998135
319,CHEMBL59733,N[C@H](Cc1nccs1)C(=O)N1CCN(CCCOc2ccc(C(=O)C3CC3)cc2)CC1,4
320,CHEMBL2158782,Cc1cc(OC2CCN(CC3CCN([C@@H](Cc4ccc(F)cc4)C(=O)O)CC3)CC2)ccc1Cl,7
321,CHEMBL2208428,CS(=O)(=O)c1ccccc1C(=O)NC[C@@H](O)CN1CCC(Oc2ccc(Cl)c(Cl)c2)CC1,6.699991797
322,CHEMBL1910381,COc1ccc(CN(CCN(C)CCN2CCN(C(=O)c3cc4ccccc4[nH]3)CC2)c2ccccn2)cc1,8.150028088
323,CHEMBL1108,O=C(CCCN1CC=C(n2c(=O)[nH]c3ccccc32)CC1)c1ccc(F)cc1,6.279840697
324,CHEMBL260823,Fc1ccc(O[C@H](c2ccccc2)[C@H]2CNCCO2)c(Cl)c1,8
325,CHEMBL2158786,C[C@](Cc1ccccc1)(C(=O)O)N1CCC(CN2CCC(Oc3ccc(Cl)c(Cl)c3)CC2)CC1,7
326,CHEMBL372588,O=C(O)Cc1ccc2c(c1)/C(=C\CN1CCC(Cc3ccccc3)CC1)c1ccccc1CO2,7.698970004
327,CHEMBL1729417,COc1ccc(N2CCN(CCCNC(=O)Cn3c(=O)c4cccn4c4c(C)ccnc43)CC2)cc1,6
328,CHEMBL2207670,CS(=O)(=O)c1ccc2c(C(=O)NC[C@@H](O)CN3CCC(Oc4ccc(C#N)c(Cl)c4)CC3)c[nH]c(=O)c2c1,6.599997654
329,CHEMBL411293,Cc1ccc2c(-c3nnc(SCCCN4CCc5nc6cc(C(F)(F)F)ccn6c5CC4)n3C)cccc2n1,6.099999035
330,CHEMBL187367,c1ccc(Cc2ccccc2OCCCN2CCCC2)cc1,8
331,CHEMBL3936289,CN1CC[C@H]2CC(=O)[C@H](Cc3ccccc3)[C@H]3CCC[C@@H]1[C@H]23,5
332,CHEMBL3753985,CN1CCN(c2nc(NCCc3ccccc3)nc3c2-c2ccccc2CC3)CC1,5.729999332
333,CHEMBL404956,Cc1cc(F)ccc1O[C@H](c1ccccc1)[C@H]1CNCCO1,8
334,CHEMBL256471,Cc1nc2cc3c(cc2s1)CCN(CCCSc1nnc(-c2ocnc2C)n1C)CC3,5.800000875
335,CHEMBL282424,Fc1ccccc1N1CCN(Cc2c[nH]c3ncccc23)CC1,5
336,CHEMBL402143,COc1c(OCCF)cccc1C(O)C1CCN(CCc2ccc(F)cc2)CC1,6.427128398
337,CHEMBL2208431,O=C(NC[C@@H](O)CN1CCC(Oc2ccc(Cl)c(Cl)c2)CC1)c1n[nH]c(=O)c2ccccc12,8.199970641
338,CHEMBL1767143,COC(=O)c1ccc(Cc2nn(C[C@H]3CCCN3C)c(=O)c3ccccc23)cc1,6.199998172
339,CHEMBL64253,CCCCCC(=O)c1ccc(OCCCN2CCN(CC3CC3)CC2)cc1,5.650000221
340,CHEMBL3752972,COc1ccc(CNc2nc3c(c(N4CCN(C)CC4)n2)-c2ccccc2CC3)cc1,5.969999718
341,CHEMBL1084132,c1ccc(N2CCN(CC3CCCCN3)C2)cc1,5.599999383
342,CHEMBL3094130,c1cc2c(cc1OCCCN1CCCCC1)CCNCC2,5.899998417
343,CHEMBL64247,CCOC(=O)N1CCN(CCCOc2ccc(C(=O)c3ccc(C(C)(C)C)cc3)cc2)CC1,6.250001023
344,CHEMBL270177,CC1NC(N)=Nc2cccc(Cl)c21,5.958607315
345,CHEMBL255619,Cc1ncoc1-c1nnc(SCCCN2CCc3cc4nc(CC5CC5)oc4cc3CC2)n1C,5.499999679
346,CHEMBL726_NBI283936,OCCN1CCN(CCCN2c3ccccc3Sc3ccc(C(F)(F)F)cc32)CC1,7.86468387
347,CHEMBL61231,CCOC(=O)N1CCN(CCCOc2ccc(C(=O)CC(C)C)cc2)CC1,6.030002001
348,CHEMBL60189,N[C@H](Cc1ccc(-c2ccccc2)cc1)C(=O)N1CCN(CCCOc2ccc(C(=O)C3CC3)cc2)CC1,4.920000157
349,CHEMBL366925,COC(=O)N(O)CCC#Cc1ccc(OCCCCN2CCN(C(c3ccc(F)cc3)c3ccc(F)cc3)CC2)cc1,8.300162274
350,CHEMBL105967,N#Cc1ccc(-c2ccc(OCCCN3CCCNCC3)cc2)cc1,5.410000162
351,CHEMBL476108,O=C(CCCN1CCCN(c2ccc(Cl)cc2)CC1)c1ccc(F)cc1,6.724458312
352,CHEMBL559557,CN(CCc1ccccc1)C1CCN(c2nc3ccccc3n2Cc2ccc(F)cc2)CC1,8.619788758
353,CHEMBL2146802,CCCCN1CCC[C@@H]1Cn1nc(Cc2ccc(Cl)cc2)c2ccccc2c1=O,9.040005162
354,CHEMBL2171021,Cc1c(Cl)ccc(OC2CCN(C3CCN(C(=O)c4cccc(S(C)(=O)=O)c4)CC3)CC2)c1Cl,7.599980365
355,CHEMBL2171033,O=C(NS(=O)(=O)c1ccccc1)N1CCC(N2CCC(Oc3ccc(Cl)c(Cl)c3)CC2)CC1,7.500038134
356,CHEMBL43064,C(=C/c1ccccc1)\CN1CCN(C(c2ccccc2)c2ccccc2)CC1,8.064391981
357,CHEMBL257524,CCc1nc2cc3c(c(C)c2o1)CCN(C(C)CCSc1nnc(-c2cccc4nc(C)ccc24)n1C)CC3,5.599999383
358,CHEMBL94454_NBI70143,CN(c1nccc(=O)[nH]1)C1CCN(c2nc3ccccc3n2Cc2ccc(F)cc2)CC1,8.568636236
359,CHEMBL1946255,Clc1ccc(N2CCCN(CCCc3nc4ccccc4s3)CC2)cc1,6.177178355
360,CHEMBL1092597_NBI79309,COc1nccnc1[C@H](C)C1=C(CCN(C)C)Cc2ccccc21,9
361,CHEMBL431172,CCCCCC(=O)c1ccc(OCCCN2CCN(S(C)(=O)=O)CC2)cc1,4.579999999
362,CHEMBL1625084,Clc1ccccc1OCCCCN1CCNCC1,5
363,CHEMBL1092651_NBI79500,COc1nccnc1CC1=C(CCN(C)C)Cc2cc(F)ccc21,9.096910013
364,CHEMBL3752195,COc1ccc(CNc2nc(-c3ccccc3)cc(N3CCN(C)CC3)n2)cc1,5.280000381
365,CHEMBL1222623,CC(C)(CN1CCCN(C2=Cc3ccccc3Cn3ccnc32)CC1)C(=O)O,7.299988938
366,CHEMBL1125,Cc1cc2c(s1)Nc1ccccc1N=C2N1CCNCC1,7.657577319
367,CHEMBL1923522,CN1CCN(c2nc(N3CCCC3)c3cnn(C)c3n2)CC1,7.208802395
368,CHEMBL595180,CN1CCN(c2cc(NCc3c(Cl)cccc3Cl)nc(N)n2)CC1,6
369,CHEMBL393718,CCOc1cc(CN2CCC(Nc3nc4cc(S(N)(=O)=O)ccc4o3)CC2)ccc1OC,6.283996656
370,CHEMBL3104092,CN1CCc2c(c3cccc4c3n2Cc2ccccc2C4)C1,7.319393034
371,CHEMBL256652,Cc1ccc2c(-c3nnc(SCCCN4CCc5cc6c(cc5CC4)N(C)C(=O)CO6)n3C)cccc2n1,6.599997654
372,CHEMBL59870,CCCCCC(=O)c1ccc(OCCCN2CCN(C(=O)[C@@H](CC(C)C)NC(=O)OC(C)(C)C)CC2)cc1,5.330000131
373,CHEMBL15928,COc1ccc(NC(=O)c2ccc(-c3ccc(-c4noc(C)n4)cc3C)cc2)cc1N1CCN(C)CC1,5
374,CHEMBL65849,CN(C)CCCNc1c2c(nc3ccccc13)CCCCC2,5.113734941
375,CHEMBL1403257,C1CCN(c2nc(N3CCCC3)nc(N3CCNCC3)n2)C1,5.720000164
376,CHEMBL3819434,OC1(c2ccc(Cl)cc2)CC2CCC(C1)N2CCCCc1nc2ccccc2s1,6.729077697
377,CHEMBL264418,Fc1cccc(O[C@H](c2ccccc2)[C@H]2CNCCO2)c1F,8
378,CHEMBL2158790,Cc1c(OC2CCN(CC3CCN([C@@](C)(Cc4ccc(F)cc4)C(=O)O)CC3)CC2)ccc(Cl)c1Cl,7.500038134
379,CHEMBL569270,CNc1cc(-c2csc(N(C)C(=O)c3ccc(F)cc3)n2)ncn1,5
380,CHEMBL2171041,CN(C)c1ccccc1S(=O)(=O)NC(=O)N1CCC(N2CCC(Oc3ccc(Cl)c(Cl)c3)CC2)CC1,7.599980365
381,CHEMBL4170001,CO[C@@H]1CCCN(Cc2nc(-c3cccc(Oc4ccccc4)c3)oc2C)C1,5.486116814
382,CHEMBL2158827,O=C(O)Cc1ccc(N2CCC(CN3CCC(Oc4ccc(Cl)c(Cl)c4)CC3)CC2)cc1,7.7000571
383,CHEMBL2112461,C[C@@]1(O)CCN(CCCOc2ccc(-c3ccc(C#N)cc3)cc2)C1,5.410000162
384,CHEMBL194206,COc1ccc(NC(=O)N2CCN(c3ccc(F)cc3)CC2)cc1N1CCN(C)CC1,5
385,CHEMBL429914,C[C@@H]1CCCN1CCc1ccc(OCc2ccccc2)cc1,6
386,CHEMBL3806255,CC(C)CN/C(=N/C#N)NC[C@H]1CC[C@H](c2c[nH]cn2)C1,5.057991947
387,CHEMBL272302,CCc1nc2cc3c(cc2o1)CCN(CCCSc1nnc(-c2cccnc2)n1C)CC3,5.599999383
388,CHEMBL62421,CCCCCC(=O)c1ccc(OCCCN2CCN(C(=O)[C@@H](C)N)CC2)cc1,4.449999987
389,CHEMBL2158770,N#Cc1cccc(C[C@@H](C(=O)O)N2CCC(CN3CCC(Oc4ccc(Cl)c(Cl)c4)CC3)CC2)c1,7.599980365
390,CHEMBL2207666,O=C(NC[C@@H](O)CN1CCC(Oc2ccc(Cl)c(Cl)c2)CC1)c1c[nH]c(=O)c2ccccc12,8.400007822
391,CHEMBL2171215,O=C(NS(=O)(=O)Cc1ccccc1)N1CCC(N2CCC(Oc3ccc(Cl)c(Cl)c3)CC2)CC1,7.299988938
392,CHEMBL1767159,O=c1c2ccccc2c(Cc2ccc(Cl)cc2)nn1C1CCCN(Cc2ccc(OCCCN3CCCCCC3)cc2)CC1,7.299988938
393,CHEMBL106545,CN[C@@H]1CCN(CCCOc2ccc(-c3ccc(C#N)cc3)cc2)C1,5.430000268
394,CHEMBL1940403,OC1(c2ccc(Cl)cc2)CCN(CCCSc2ccc(F)cc2)CC1,6.93930216
395,CHEMBL319231,CC(=O)c1ccc(OCCCN2CC[C@H](N)C2)cc1,4.022878745
396,CHEMBL3092650,O=C1CCCN1c1ccc(Oc2ccc3c(c2)CCN(C2CCC2)CC3)nc1,5.599999383
397,CHEMBL321709,O=C(c1ccc(OCCCN2CC[C@H](NS(=O)(=O)c3ccc(Br)cc3)C2)cc1)C1CC1,5.823908741
398,CHEMBL62592,CCCCCC(=O)c1ccc(OCCCN2CCN(C(=O)[C@@H](N)C(C)C)CC2)cc1,4.719999936
399,CHEMBL63632,CCCCCC(=O)c1ccc(OCCCN2CCN(S(=O)(=O)c3ccc(C#N)cc3)CC2)cc1,4.869999962
400,CHEMBL2171030,Cc1ccc(C(=O)N2CCC(N3CC[C@H](Oc4ccc(Cl)c(C)c4Cl)C[C@@H]3C(=O)O)CC2)cc1,5.200000237
401,CHEMBL462605_NBI921992,Clc1ccc(CCCOCCCN2CCCCC2)cc1,5.94000137
402,CHEMBL320178,CCOC(=O)N1CCN(CCCOc2ccc(-c3ccc(C#N)cc3)cc2)CC1,6.799998135
403,CHEMBL255158,Cc1ncccc1-c1nnc(SCCCN2CCc3ccc4oc(C(F)(F)F)nc4c3CC2)n1C,5.499999679
404,CHEMBL105071,CC(C)(C)c1ccc(S(=O)(=O)N[C@H]2CCN(CCCOc3ccc(C(=O)C4CC4)cc3)C2)cc1,5.638272164
405,CHEMBL2171026,O=C(c1ccc(-c2nn[nH]n2)cc1)N1CCC(N2CCC(Oc3ccc(Cl)c(Cl)c3)CC2)CC1,7.500038134
406,CHEMBL318801,N#Cc1ccc(-c2ccc(OCCCN3CC[C@H](O)C3)cc2)cc1,5.250000251
407,CHEMBL1923529,c1ccc2c(c1)nc1n(CCN3CCCCC3)cnn21,5.579999668
408,CHEMBL3805431,N#C/N=C(/NCCSc1ccccc1)NC[C@H]1CC[C@@H](c2c[nH]cn2)C1,5.168770306
409,CHEMBL2207664,Cc1c(Cl)ccc(OC2CCN(C[C@H](O)CNC(=O)c3c[nH]c(=O)cc3C(F)(F)F)CC2)c1Cl,8
410,CHEMBL271280,Cc1ncoc1-c1nnc(SCCCN2CCc3cc4nc(C5CC5)oc4cc3CC2)n1C,5.499999679
411,CHEMBL2158817,O=C(O)C(c1ccccc1)N1CCO[C@@H](CN2CCC(Oc3ccc(Cl)c(Cl)c3)CC2)C1,7.7000571
412,CHEMBL3952251,O=C(CCCN1CCc2ccccc2CC1)c1ccc(Cl)cc1,5.981885228
413,CHEMBL1923524,Cc1cccc2c(CCN)cn(Cc3ccccc3)c12,6.270001453
414,CHEMBL272297,Cc1cc(-c2nc3c4c(ccc3o2)CCN(CCCSc2nnc(-c3ocnc3C)n2C)CC4)n(C)n1,5.499999679
415,CHEMBL403804,CCc1nc2ccc3c(c2s1)CCN(CCCSc1nnc(-c2ocnc2C)n1C)CC3,5.599999383
416,CHEMBL1910383,O=C(c1cc2ccccc2[nH]1)N1CCN(CCOC(c2ccccc2)c2ccccc2)CC1,6.650004101
417,CHEMBL19215,CN1C[C@H](CNC(=O)OCc2ccccc2)C[C@@H]2c3cccc4c3c(cn4C)C[C@H]21,6.318758763
418,CHEMBL167223,CC(C1=C(CCN(C)C)Cc2cc(Cl)ccc21)c1ccccn1,9.090016305
419,CHEMBL3752085,CN1CCN(c2cc(-c3ccccc3)nc(NCc3ccccc3)n2)CC1,5.949999402
420,CHEMBL2208417,N#Cc1ccc(OC[C@@H](O)CNC2CCN(Cc3ccc(Cl)c(Cl)c3)CC2)cc1,6.299997603
421,CHEMBL1935434,O=C(CN1CCCC(c2nc3ccccc3n2Cc2ccc(F)cc2)C1)N1CCOCC1,7.779891912
422,CHEMBL102390,CC(=O)c1ccc(OCCCN2CC[C@H](NC(=O)[C@@H](CO)NC(=O)OC(C)(C)C)C2)cc1,4.096910013
423,CHEMBL3754496,C=CCN(CC=C)CCc1c[nH]c2ccc(F)cc12,7.100015441
424,CHEMBL3139682,Nc1ccc2ccc(CCNCCc3cccc(Cl)c3)cc2n1,7
425,CHEMBL3094215,c1cc2c(cc1OCCCN1CCCCC1)CCN(CC1CC1)CC2,5.700000504
426,CHEMBL360953,Cn1ccc2c1CCn1ccnc1C2=C1CCNCC1,7.657577319
427,CHEMBL63003,N[C@H](Cc1cccc2ccccc12)C(=O)N1CCN(CCCOc2ccc(C(=O)C3CC3)cc2)CC1,5.700000504
428,CHEMBL257525,Cc1ccc2c(-c3nnc(SCCC(C)N4CCc5cc6nc(C(F)(F)F)oc6c(C)c5CC4)n3C)cccc2n1,5.700000504
429,CHEMBL1277770,O=C(O)C1CCN(C2CC[C@]3(Cc4ccccc4Cc4ccccc43)C2)CC1,7.299988938
430,CHEMBL172233,CC(C1=C(CCN(C)CCF)Cc2ccccc21)c1ccccn1,8.140021558
431,CHEMBL107293,Cc1ccc(S(=O)(=O)N[C@H]2CCN(CCCOc3ccc(C(=O)C4CC4)cc3)C2)cc1,5.259637311
432,CHEMBL2207286,CN(C)S(=O)(=O)c1ccc2c(C(=O)NC[C@@H](O)CN3CCC(Oc4ccc(Cl)c(Cl)c4)CC3)c[nH]c(=O)c2c1,7.89997427
433,CHEMBL3818200,N#Cc1ccc(C(=O)CCCN2CCc3ccccc3C2)cc1,6.776012434
434,CHEMBL2208422,N#Cc1cccc(S(=O)(=O)NC[C@@H](O)CN2CCC(Oc3ccc(Cl)c(Cl)c3)CC2)c1,7.100015437
435,CHEMBL534958,N#Cc1ccc(C(=O)N2CCN(c3ccc(OCCCN4CCCCC4)cc3)C(=O)C2)cc1,5.700000504
436,CHEMBL256481,Cc1ccc2c(-c3nnc(SCCCCN4CCc5cc6nc(C)oc6c(C)c5CC4)n3C)cccc2n1,5.599999383
437,CHEMBL257946,Cc1ccc2c(-c3nnc(SCCCN4CCc5cc6onc(C)c6cc5CC4)n3C)cccc2n1,7
438,CHEMBL3238447,O=C1NC(c2ccccc2)(c2ccccc2)C(=O)N1Cc1ccc(OCCCN2CCCCC2)cc1,5.650000221
439,CHEMBL3805813,NC[C@H]1CC[C@H](c2c[nH]cn2)C1,5
440,CHEMBL1627,CNC(=O)C(CCN1CCC(O)(c2ccc(Cl)cc2)CC1)(c1ccccc1)c1ccccc1,8.37675071
441,CHEMBL2158841,O=C(O)[C@H](Cc1ccc(F)cc1)N1CCC(CN2CCC(Oc3ccc(Cl)c(Cl)c3)CC2)CC1,7.299988938
442,CHEMBL3818047,O=C(CCCN1CCc2ccccc2C1)c1ccc(Cl)cc1,6.222012685
443,CHEMBL197408,COc1ccc(NC(=O)N2CCN(c3ccc(-c4ccccc4)cc3)CC2)cc1N1CCN(C)CC1,5
444,CHEMBL3094114,c1ccc(COc2ccc3c(c2)CCN(CC2CC2)CC3)cc1,6
445,CHEMBL62716,CC(C)(C)[C@@H](N)C(=O)N1CCN(CCCOc2ccc(C(=O)C3CC3)cc2)CC1,4.659999925
446,CHEMBL64896,O=C(c1ccc(OCCCN2CCN(C(=O)[C@@H]3CCN3)CC2)cc1)C1CC1,5
447,CHEMBL27979,C[C@H]1CC[C@H](C)N1CCCOc1ccc(-c2ccc(C(=O)N3CCOCC3)cc2)cc1,5.629999781
448,CHEMBL239724,C[C@H]1CCCN1CCCOc1ccc(N2CCN(C(=O)c3ccc(F)cc3F)CC2=O)cc1,5.700000504
449,CHEMBL392532,CC(C)N1CCC(Oc2ccc(N3CCN(C(=O)c4ccc(F)cc4F)CC3=O)cc2)CC1,5.599999383
450,CHEMBL1087493,CCOCCn1c(N2CC[C@H](N(C)C)C2)nc2ccccc21,8.318758763
451,CHEMBL2208430,O=C(NC[C@@H](O)CN1CCC(Oc2ccc(Cl)c(Cl)c2)CC1)c1c[nH]c2ccccc12,7.500038134
452,CHEMBL239975,O=C(c1ccc(F)cc1)N1CCN(c2ccc(OCCCN3CCCCC3)cc2)C(=O)C1,5.700000504
453,CHEMBL571174,CC1CCC(CCCCN2CCC(C(O)(c3ccccc3)c3ccccc3)CC2)CC1,7.214670165
454,CHEMBL3752225,COc1ccc(CNc2nc3c(c(N4CCN(C)CC4)n2)CCc2ccccc2-3)cc1,5.239999953
455,CHEMBL107162,COc1ccc(S(=O)(=O)N[C@H]2CCN(CCCOc3ccc(C(=O)C4CC4)cc3)C2)cc1,5.356547324
456,CHEMBL2205812,COc1ccc(CCN2C3C4C5CC6C7C5C3C7C2(O)C64)cc1,5.415781888
457,CHEMBL105952,CCOC(=O)N1CCN(CCCOc2ccc(-c3ccccc3[N+](=O)[O-])cc2)CC1,6.790002704
458,CHEMBL302829,CC[C@@H](N)C(=O)N1CCN(CCCOc2ccc(C(=O)C3CC3)cc2)CC1,4.914999593
459,CHEMBL147077,CNC(=O)C1=C(C)NC(C)=C(C(=O)NCCCN2CCC(C(=O)OC)(c3ccccc3)CC2)C1c1ccc([N+](=O)[O-])cc1,6.308918508
460,CHEMBL257717,Cc1ccn2c3c(nc2c1)CCN(CCCSc1nnc(-c2cccc4nc(C)ccc24)n1C)CC3,5.499999679
461,CHEMBL1923526,OCCN1CCN(c2ncnc3sccc23)CC1,6.149997414
462,CHEMBL3913361,c1ccc(Cc2cccc(OC3CCNCC3)c2)cc1,5.800000875
463,CHEMBL3947980,c1cnc2c(N3CCN(CCc4ccc(OCCCN5CCCCCC5)cc4)CC3)cccc2c1,7.7000571
464,CHEMBL2112451,N#Cc1ccc(S(=O)(=O)N[C@H]2CCN(CCCOc3ccc(C(=O)C4CC4)cc3)C2)cc1,4.698970004
465,CHEMBL1935442,Fc1ccc(Cn2c([C@H]3CNCCO3)nc3ccccc32)cc1,9.096910013
466,CHEMBL2158826,O=C(O)Cc1cccc(N2CCC(CN3CCC(Oc4ccc(Cl)c(Cl)c4)CC3)CC2)c1,8.299988938
467,CHEMBL2207672,Cc1c(Cl)ccc(OC2CCN(C[C@H](O)CNC(=O)c3c[nH]c(=O)c4cc(S(C)(=O)=O)ccc34)CC2)c1Cl,7.299988938
468,CHEMBL2158819,O=C(O)C(c1ccccc1)N1CCC(CN2CCC(Oc3ccc(Cl)c(Cl)c3)CC2)CC1,7.299988938
469,CHEMBL4169689,CCOC(=O)CCN1CCN(c2ccc3c(c2)CN(C(=O)OCc2ccccc2)CC3)CC1,7.207608311
470,CHEMBL312958,CCCCCC(=O)c1ccc(OCCCN2CCN(C(=O)[C@@H](NC(=O)OC(C)(C)C)C(C)C)CC2)cc1,4.670000018
471,CHEMBL255778,CCc1nc2cc3c(c(Br)c2o1)CCN(CCCSc1nnc(-c2cccc4nc(C)ccc24)n1C)CC3,6.299997603
472,CHEMBL3954123,CS(=O)(=O)c1ccc2c(c1)N(CCCN1CCC(C(=O)O)CC1)c1ccccc1S2,6.853871964
473,CHEMBL1910378,COc1ccc(CN(CCN2CCN(C(=O)c3cc4ccccc4[nH]3)CC2)c2ccccn2)cc1,6.770011163
474,CHEMBL260374,S=C(NC1CCCCC1)N1CCC(c2cnc[nH]2)CC1,5
475,CHEMBL552026_NBI70764,O=C1CCCCN1C1CCN(c2nc3ccccc3n2Cc2ccc(F)cc2)CC1,8.180456064
476,CHEMBL102984,CC1CCCCN1CCCOc1ccc(-c2ccc(C#N)cc2)cc1,5.459999813
477,CHEMBL270567,Cc1ccc2c(-c3nnc(SCCCN4CCc5cc6nc(-c7cc(C)nn7C)oc6cc5CC4)n3C)cccc2n1,5.599999383
478,CHEMBL60360,CCCCCC(=O)c1ccc(OCCCN2CCN(Cc3nccs3)CC2)cc1,7.219970873
479,CHEMBL1767152,CN1CCC[C@@H]1Cn1nc(CCc2ccccc2)c2ccccc2c1=O,7.500038134
480,CHEMBL418691,CCOC(=O)N1CCN(CCCOc2ccc(C(=O)c3ccc(OC)cc3)cc2)CC1,6.090000276
481,CHEMBL4291048,OC1(c2ccc(Cl)c(C(F)(F)F)c2)CCN(CCCN(c2ccc(F)cc2)c2ccc(F)cc2)CC1,6.089375595
482,CHEMBL360666,O=C(OCc1ccccc1)N(O)CCC#Cc1ccc(OCCCCN2CCN(C(c3ccc(F)cc3)c3ccc(F)cc3)CC2)cc1,7.749579998
483,CHEMBL2208435,O=C(NC[C@@H](O)CN1CCC(Oc2ccc(Cl)c(Cl)c2)CC1)c1cnnc2ccccc12,7.89997427
484,CHEMBL1277679,O=C(O)C1(O)CCN(C2CCC3(Cc4ccccc4Cc4ccccc43)C2)CC1,7.299988938
485,CHEMBL62949,CCCCCCCCC(=O)c1ccc(OCCCN2CCN(C(=O)OCC)CC2)cc1,6.299997603
486,CHEMBL105669,CCOC(=O)N1CCN(CCCOc2ccc(-c3ccc(C#N)cc3C)cc2)CC1,7.560036064
487,CHEMBL435301,CN(C)C[C@H]1CC2c3ccccc3Oc3ccc(Cl)cc3[C@H]2O1,8.366531544
488,CHEMBL404363,Cc1ccc2c(-c3nnc(SCCCN4CCc5ccc6nc(C(F)(F)F)oc6c5CC4)n3C)cccc2n1,5.400000186
489,CHEMBL2146484,CN1CCC[C@@H]1Cn1nc(Cc2ccc(Cl)cc2)c2cccnc2c1=O,9.450016389
490,CHEMBL2158832,O=C(O)c1cccc(CN2CCC(CN3CCC(Oc4ccc(Cl)c(Cl)c4)CC3)CC2)c1,7.299988938
491,CHEMBL272378,CCc1nc2cc3c(c(Br)c2o1)CCN(CCSc1nnc(-c2cccc4nc(C)ccc24)n1C)CC3,5.599999383
492,CHEMBL105567,CCOC(=O)N1CCN(CCCOc2ccc(-c3ccsc3)cc2)CC1,6.119998612
493,CHEMBL255566,Cc1ccc2c(-c3nnc(SCCCN4CCc5cc6nc(C(C)(C)C)oc6c(Br)c5CC4)n3C)cccc2n1,6
494,CHEMBL629_NBI70669,CN(C)CCC=C1c2ccccc2CCc2ccccc21,9.103244497
495,CHEMBL2171050,Cc1ccc(S(=O)(=O)NC(=O)N2CCC(N3CCC(Oc4ccc(F)c(F)c4)CC3)CC2)cc1,6
496,CHEMBL534512,O=C(c1ccc(Cl)cc1)N1CCN(c2ccc(OCCCN3CCCCC3)cc2)C(=O)C1,5.700000504
497,CHEMBL257534,Cc1ncoc1-c1nnc(SCCCN2CCc3cc4c(cc3CC2)N(C)C(=O)CO4)n1C,5.700000504
498,CHEMBL2158818,O=C(O)C(c1ccccc1)N1CCO[C@H](CN2CCC(Oc3ccc(Cl)c(Cl)c3)CC2)C1,7
499,CHEMBL394015,O=C(c1cc(F)cc(F)c1)N1CCN(c2ccc(OCCCN3CCCC3)cc2)C(=O)C1,5.700000504
500,CHEMBL1946745,OC1(c2ccc(Cl)cc2)C[C@@H]2CC[C@H](C1)N2CCCCc1nc2ccccc2s1,6.728158393
501,CHEMBL900,Cc1ccccc1C(OCCN(C)C)c1ccccc1,6.841637508
502,CHEMBL1946254,Clc1ccc(N2CCCN(CCCCc3nc4ccccc4s3)CC2)cc1,7.214670165
503,CHEMBL3925724,CN(C)CCOc1ccccc1Cc1ccccc1,7.89997427
504,CHEMBL1767134,CN(C)CCn1nc(Cc2ccc(Cl)cc2)c2ccccc2c1=O,9.599980365
505,CHEMBL3899169,Cc1ccc2c(c1)Oc1sc(Cl)cc1C(N1CCN(CC(C)(C)C(=O)O)CC1)=N2,7.458377727
506,CHEMBL3321790,OC1(c2ccc(Cl)cc2)CC2CCC(C1)N2CCCSc1ccc(F)cc1,6.010105436
507,CHEMBL4177497,C=C(C)CN1CCN(c2ccc3c(c2)CN(C(=O)OCc2ccccc2)C3)CC1,6.525783736
508,CHEMBL102929,Cc1ccccc1S(=O)(=O)N[C@H]1CCN(CCCOc2ccc(C(=O)C3CC3)cc2)C1,4.795880017
509,CHEMBL3094216,c1cc2c(cc1OCCCN1CCCCC1)CCN(CC1CCCO1)CC2,5.700000504
510,CHEMBL104344,O=C(c1ccc(OCCCN2CC[C@H](NS(=O)(=O)c3ccc(Cl)cc3)C2)cc1)C1CC1,5.602059991
511,CHEMBL2158830,O=C(O)COc1ccc(N2CCC(CN3CCC(Oc4ccc(Cl)c(Cl)c4)CC3)CC2)cc1,7.400007822
512,CHEMBL3753705,CN1CCN(c2nc3c(c(N4CCN(C)CC4)n2)-c2ccccc2CC3)CC1,5.929999096
513,CHEMBL2158825,O=C(O)Cc1ccccc1N1CCC(CN2CCC(Oc3ccc(Cl)c(Cl)c3)CC2)CC1,7.799970733
514,CHEMBL1923531,c1ccc2c(c1)n(CCN1CCCCC1)c1ncnn21,5.380000399
515,CHEMBL2158773,Cc1cccc(C[C@@H](C(=O)O)N2CCC(CN3CCC(Oc4ccc(Cl)c(Cl)c4)CC3)CC2)c1,7.799970733
516,CHEMBL1935446,Fc1ccc(Cn2c([C@H]3CNCCS3)nc3ccccc32)cc1,8.886056648
517,CHEMBL1189234,OC12C3C4CC5C6C4C1C6C(C53)N2Cc1ccccc1,5
518,CHEMBL1935445_NBI88847,Fc1ccc(Cn2c(C3CNCCS3)nc3ccccc32)cc1,7.710108202
519,CHEMBL4176474,O=C(OCc1ccccc1)N1Cc2ccc(N3CCN(C4CCCC4)CC3)cc2C1,6.226213555
520,CHEMBL402422,Cc1nc2c3c(ccc2o1)CCN(CCCSc1nnc(-c2ocnc2C)n1C)CC3,5.499999679
521,CHEMBL1092813_NBI88277,Cc1ncccc1[C@@H](C)c1c(CCN(C)C)sc2ccccc12,7.769551079
522,CHEMBL273199,Cc1cc2c(-c3nnc(SCCCN4CCc5ccc(-c6cc(C)nn6C)cc5CC4)n3C)cccc2cn1,6.099999035
523,CHEMBL1078896,CCOc1cc(CN2CCC(Nc3nc4cc(NC(=O)C5CCC5)ccc4o3)CC2)ccc1OC,6.034798299
524,CHEMBL3819153,O=c1[nH]c2cc(Cl)ccc2n1C1CCN(CCCCc2nc3ccccc3o2)CC1,6.296213713
525,CHEMBL3752900,C=CCN(CC=C)CCc1c[nH]c2ccc(Cl)cc12,7.000000019
526,CHEMBL43594,CC1=C(C(=O)NCCCN2CCC(C#N)(c3ccc(F)cc3C#N)CC2)[C@@H](c2ccc(F)c(F)c2)CC(=O)N1C,6.210419288
527,CHEMBL271073,Cc1nc2cc3c(cc2o1)CCN(CCCCSc1nnc(-c2ocnc2C)n1C)CC3,5.599999383
528,CHEMBL1092600,Cc1ccc2c(c1)CC(CCN(C)C)=C2Cc1cnccn1,7.924453039
529,CHEMBL271096,CCc1nc2cc3c(cc2o1)CCN(CCCSc1nnc(-c2ccc(C(F)(F)F)cc2)n1C)CC3,5.499999679
530,CHEMBL571389,Cc1ccc(CCCCN2CCC(C(O)(c3ccccc3)c3ccccc3)CC2)cc1,7.408935393
531,CHEMBL1078642,N#C/N=C(/NCCCCc1c[nH]cn1)NCCSc1ccccc1,4.589999963
532,CHEMBL64100,CCCCCC(=O)c1ccc(OCCCN2CCN(C(=O)C3CCC3)CC2)cc1,6.450004148
533,CHEMBL3754166,C=CCN(CC=C)CCc1c[nH]c2ccc(Br)cc12,7.000000019
534,CHEMBL1085672,O=C1N(CC2CCCCN2)CCN1c1cccc(Cl)c1,5.700000504
535,CHEMBL317900,CCOC(=O)N1CCN(CCCOc2ccc(-c3ccc(Br)cc3)cc2)CC1,6.740000205
536,CHEMBL64124,N#CC[C@@H](N)C(=O)N1CCN(CCCOc2ccc(C(=O)C3CC3)cc2)CC1,4.33999999
537,CHEMBL96732,CN(C)CC1C[C@H]2c3ccccc3Cc3ccccc3[C@H]2O1,7.568636236
538,CHEMBL1946123,OC1(c2ccc(Cl)cc2)C[C@@H]2CC[C@H](C1)N2CCCCc1ccc(F)cc1,5.764724123
539,CHEMBL1935432_NBI88034,CCN(CC)C(=O)CN1CCCC(c2nc3ccccc3n2Cc2ccc(F)cc2)C1,8.200659451
540,CHEMBL393436,CCOc1cc(CN2CCC(Nc3nc4ccccc4o3)CC2)ccc1F,6.083019953
541,CHEMBL3984221,c1ccc(Cc2ccccc2OCCCN2CCC2)cc1,8.100015437
542,CHEMBL708_NBI678166,O=C1Cc2cc(CCN3CCN(c4nsc5ccccc45)CC3)c(Cl)cc2N1,7.298685365
543,CHEMBL240352,O=C(c1ccc(F)cc1F)N1CCN(c2ccc(OCCCN3CCCC3)cc2)C(=O)C1,5.700000504
544,CHEMBL199824,COc1ccc2cccc(N3CCN(CCCCn4ncc(=O)n(C)c4=O)CC3)c2c1,6.823908741
545,CHEMBL187637,NC(=O)N(O)CCC#Cc1ccc(OCCN2CCN(C(c3ccc(F)cc3)c3ccc(F)cc3)CC2)cc1,6.530177984
546,CHEMBL1201190,O=C(O)COCCN1CCN([C@H](c2ccccc2)c2ccc(Cl)cc2)CC1,7.301029996
547,CHEMBL1767148,Cc1cccc(Cc2nn(C[C@H]3CCCN3C)c(=O)c3ccccc23)c1,9.100015437
548,CHEMBL185905,NC(=O)N(O)CCC#Cc1ccc(OCCN2CCC(=C3c4ccc(Cl)cc4CCc4cccnc43)CC2)cc1,7.721246399
549,CHEMBL272480,Cc1ccc2c(-c3nnc(SCCCN4CCc5cc6c(cc5CC4)C(=O)N(C)C6)n3C)cccc2n1,5.499999679
550,CHEMBL400224,O=C(c1ccc(C(=O)N2CCN(c3ccc(OC4CCN(C5CCC5)CC4)cc3)C(=O)C2)cc1)N1CCC1,5.599999383
551,CHEMBL1077908,CCOc1cc(CN2CCC(Nc3nc4cc(NS(=O)(=O)c5ccccc5)ccc4o3)CC2)ccc1OC,6.701146924
552,CHEMBL2208429,O=C(NC[C@@H](O)CN1CCC(Oc2ccc(Cl)c(Cl)c2)CC1)c1n[nH]c2ccccc12,8.100015437
553,CHEMBL3952802,O=C(O)/C=C/c1ccc2cccc(N3CCN(CCc4ccc(OCCCN5CCCCCC5)cc4)CC3)c2n1,6.699991797
554,CHEMBL1222552,C1=C(N2CCNCC2)c2nccn2Cc2ccccc21,9.199970641
555,CHEMBL3753621,CN1CCN(c2nc(NCCc3ccccc3)c3c(n2)-c2ccccc2CC3)CC1,5.089999741
556,CHEMBL3753967,CN1CCN(c2nc(NCc3ccccc3)nc3c2-c2ccccc2CC3)CC1,5.720000164
557,CHEMBL59931,CC(C)(C)C[C@@H](N)C(=O)N1CCN(CCCOc2ccc(C(=O)C3CC3)cc2)CC1,4.989999997
558,CHEMBL1940414,c1ccc(OCCCN2CCN(c3ccccc3)CC2)cc1,7.168130226
559,CHEMBL1767153,CCCCCc1nn(C[C@H]2CCCN2C)c(=O)c2ccccc12,8.799970733
560,CHEMBL2158824,O=C(O)c1ccc(N2CCC(CN3CCC(Oc4ccc(Cl)c(Cl)c4)CC3)CC2)cc1,7.199970641
561,CHEMBL304027,CCOC(=O)N1CCN(CCCOc2ccc(C(=O)c3cccc(F)c3F)cc2)CC1,5.99000127
562,CHEMBL519609,CCN(CC)CCCOC(=O)N1c2ccccc2Sc2ccccc21,6.366531544
563,CHEMBL537219,O=C(c1ccc(F)cc1)N1CCN(c2ccc(OC3CCN(C4CCC4)CC3)cc2)C(=O)C1,5.599999383
564,CHEMBL3104091,CN1CCc2c(c3cccc4c3n2-c2ccccc2CC4)C1,7.300509467
565,CHEMBL1940419,Fc1ccc(SCCCN2CCN(c3ccccn3)CC2)cc1,6.673664139
566,CHEMBL1222553,O=C(O)CCN1CCN(C2=Cc3ccccc3Cn3ccnc32)CC1,7.299988938
567,CHEMBL323517,O=C(N[C@H]1CCN(CCCOc2ccc(C(=O)C3CC3)cc2)C1)c1csc(-c2cccnc2)n1,4.431798276
568,CHEMBL103027,Cc1cccc(S(=O)(=O)N[C@H]2CCN(CCCOc3ccc(C(=O)C4CC4)cc3)C2)c1,5.180456064
569,CHEMBL1946125,Fc1ccc(SCCCN2CCCN(c3ccc(Cl)cc3)CC2)cc1,6.096801453
570,CHEMBL271844,Cc1ccc2c(-c3nnc(SCCCN4CCc5cc6ncoc6cc5CC4)n3C)cccc2n1,5.599999383
571,CHEMBL419912,CCOC(=O)N1CCN(CCCOc2ccc(-c3ccncc3)cc2)CC1,5.430000268
572,CHEMBL3917428,O=C(O)CCc1ccc2cc(Cc3ccccc3)cc(N3CCN(CCc4ccc(OCCCN5CCCCCC5)cc4)CC3)c2n1,7.599980365
573,CHEMBL105268,CCOC(=O)N1CCN(CCCOc2ccc(-c3cccc(C#N)c3)cc2)CC1,6.41999931
574,CHEMBL3896541,O=C(O)c1ccnc2c(N3CCN(CCc4ccc(OCCCN5CCCCCC5)cc4)CC3)cccc12,5.599999383
575,CHEMBL22108_NBI72465,CC(C1=C(CCN(C)C)Cc2ccccc21)c1ccccn1,9.160019442
576,CHEMBL62726,CCCCCC(=O)c1ccc(OCCCN2CCN(C(=O)c3cccs3)CC2)cc1,7.130006
577,CHEMBL1767157,CN1CCCC1CCn1nc(Cc2ccc(Cl)cc2)c2ccccc2c1=O,7.199970641
578,CHEMBL328573,CN(C)C[C@@H]1C[C@@H]2c3ccccc3Cc3ccccc3N2O1,9.193820026
579,CHEMBL2208419,N#Cc1cccc(OC[C@@H](O)CN2CCC(Oc3ccc(Cl)c(Cl)c3)CC2)c1,8.500038134
580,CHEMBL4173442,COC[C@@H](C)N1CCN(c2cccc(F)c2C#N)CC1,5.954677021
581,CHEMBL3944629,C[N+]1(C)CCC(Oc2ccccc2Cc2ccccc2)CC1,7.599980365
582,CHEMBL3818994,O=C(CCCN1CCc2ccccc2C1)c1ccc(F)cc1,7.063989204
583,CHEMBL273166,Cc1ccc2c(-c3nnc(SCCCN4CCc5cc6nc(CC7CC7)oc6cc5CC4)n3C)cccc2n1,5.499999679
584,CHEMBL401728,Cc1cc(-c2nc3cc4c(cc3o2)CCN(CCCSc2nnc(-c3ocnc3C)n2C)CC4)n(C)n1,5.499999679
585,CHEMBL4169755,C[C@H]1CN(CCCNC(=O)CN2CCc3ccccc3C2)C[C@@H](C)O1,5
586,CHEMBL1923530,c1ccc2c(N3CCN(C4CCCC4)CC3)ncnc2c1,5.48999954
587,CHEMBL4167807,CCCc1nc(CN2CC[C@H](c3ccccc3)C2)cs1,6.508638306
588,CHEMBL316068,CN1CCN(CC2C[C@@H]3c4ccccc4Sc4ccccc4[C@H]3O2)CC1,8.920818754
589,CHEMBL2207654,O=C(NC[C@@H](O)CN1CCC(Oc2ccc(Cl)c(Cl)c2)CC1)c1c[nH]c(=O)c2cc(S(=O)(=O)N3CCC3)ccc12,8.599980365
590,CHEMBL101692,CCOC(=O)N1CCN(CCCOc2ccc(-c3cc[nH]c3)cc2)CC1,6.299997603
591,CHEMBL2432039,C1C2C3CC4C2C2C1C3[C@H](NCC13C5C6C7C5C1C7C63)C42,5.324588306
592,CHEMBL608151,CCOC[C@H]1[C@@H]2CNC[C@@]21c1ccc(Cl)c(Cl)c1,6
593,CHEMBL1276947,O=C(O)[C@]12C[C@H]1CN(C1CC[C@]3(Cc4ccccc4Cc4ccccc43)C1)C2,7.500038134
594,CHEMBL594731,Cc1ccccc1CNc1cc(N2CCN(C)CC2)nc(N)n1,6
595,CHEMBL398812,O=C(c1ccc(F)cc1F)N1CCN(c2ccc(OCCCN3CCCCC3)cc2)C(=O)C1,5.700000504
596,CHEMBL4164366,CC(C)(C)c1nc(CN2CCN(Cc3ccccn3)CC2)cs1,5.924088239
597,CHEMBL402015,Cc1ccc2c(-c3nnc(SCCN4CCc5cc6nc(C)oc6c(Br)c5CC4)n3C)cccc2n1,5.800000875
598,CHEMBL2171022,O=C(O)COc1cccc(C(=O)N2CCC(N3CCC(Oc4ccc(Cl)c(Cl)c4)CC3)CC2)c1,7
599,CHEMBL3461530,Cc1cccc(N2CCN(CCCNC(=O)c3cn[nH]c3C)CC2)c1,7.356547324
600,CHEMBL236587,CCOc1cc(CN2CCC(Nc3nc4ccccc4o3)CC2)ccc1OC,6.20481541
601,CHEMBL4168691,N#Cc1c(CN2CCN(CCc3ccccc3)CC2)cn2ccccc12,7.455931956
602,CHEMBL4176800,O[C@@H](COC[C@@H]1CCCO1)CN1CCN(c2ccccc2F)CC1,5.372531728
603,CHEMBL2031884,CCNC(=O)c1ccc(-c2ccc3c(c2)CCN(CCN2CCC[C@H]2C)C3=O)cc1,5.140861703
604,CHEMBL3926412,CCc1cc(N2CCN(CCc3ccc(OCCCN4CCCCCC4)cc3)CC2)c2nc(CCC(=O)O)ccc2c1,7.799970733
605,CHEMBL1910380,COc1ccc(CN(CCN2CCN(C(=O)c3nc4ccccc4[nH]3)CC2)c2ccccn2)cc1,6.219999702
606,CHEMBL1092765_NBI82839,C[C@H](c1cccnc1F)c1c(CCN(C)C)sc2ccccc12,8.769551079
607,CHEMBL60837,CCCCCC(=O)c1ccc(OCCCN2CCN(C(=O)[C@@H](CO)NC(=O)OC(C)(C)C)CC2)cc1,4.769999911
608,CHEMBL2158816,O=C(O)C(c1ccccc1)N1CCCC(CN2CCC(Oc3ccc(Cl)c(Cl)c3)CC2)C1,7.199970641
609,CHEMBL3818128,Fc1ccc(CCCCN2CCc3ccccc3C2)cc1,6.13097189
610,CHEMBL1455766,Cc1ccc(S(=O)(=O)NCc2ccc(C(=O)NCCN(Cc3ccccc3)C(C)C)cc2)cc1,6
611,CHEMBL440864,CCOC(=O)N1CCN(CCCOc2ccc(C(=O)c3ccc(F)cc3)cc2)CC1,6.679999196
612,CHEMBL540633,O=C(c1ccccc1)N1CCN(c2ccc(OC3CCN(C4CCC4)CC3)cc2)C(=O)C1,5.599999383
613,CHEMBL3805264,N#C/N=C(/NCCNc1ccccc1)NC[C@H]1CC[C@H](c2c[nH]cn2)C1,5
614,CHEMBL305662,NC(=O)N(O)CCC#C[C@@H]1CC[C@@H](CN2CCN([C@H](c3ccccc3)c3ccc(Cl)cc3)CC2)O1,7.301029996
615,CHEMBL103828,CC(=O)c1ccc(OCCCN2CC[C@H](NC(=O)[C@@H](C)NC(=O)OC(C)(C)C)C2)cc1,4.251811973
616,CHEMBL1276859,O=C(O)CC1CCN(C2CC[C@]3(Cc4ccccc4Cc4ccccc43)C2)C1,7.500038134
617,CHEMBL61288,C[C@H](CN)C(=O)N1CCN(CCCOc2ccc(C(=O)C3CC3)cc2)CC1,5.760000207
618,CHEMBL320174,CC(=O)c1ccc(OCCCN2CC[C@H](NC(=O)[C@H](C)NC(=O)OC(C)(C)C)C2)cc1,4.22184875
619,CHEMBL2158780,Cc1cc(Cl)ccc1OC1CCN(CC2CCN([C@@H](Cc3ccc(F)cc3)C(=O)O)CC2)CC1,7.100015437
620,CHEMBL104808,O=C(c1ccc(OCCCN2CC[C@H](NS(=O)(=O)c3ccc(F)cc3)C2)cc1)C1CC1,5.036212173
621,CHEMBL3735756,COc1ccc(CCN(CCCc2ccccc2)CCc2ccc3c(c2)OCO3)cc1OC,5.887060024
622,CHEMBL464811,Clc1ccc2c(c1)N=C(N1CCN(Cc3ccc(OCCCN4CCCCC4)cc3)CC1)c1ccccc1N2,6.721246399
623,CHEMBL1626_NBI451939,CN1CCC[C@@H]1CCO[C@](C)(c1ccccc1)c1ccc(Cl)cc1,10.30980392
624,CHEMBL2031885,C[C@@H]1CCCN1CCN1CCc2cc(-c3ccc(C(=O)N4CCCC4)cc3)ccc2C1=O,5.057991947
625,CHEMBL340816,O=C(CCCN1C2CCC1CC(c1ccccc1)C2)c1ccc(F)cc1,6.011664044
626,CHEMBL372453,COc1ccc(NC(=O)N2CCN(c3ccc(Cl)cc3)CC2)cc1N1CCN(C)CC1,5
627,CHEMBL537218,CC(C)(C)C(=O)N1CCN(c2ccc(OCCCN3CCCCC3)cc2)C(=O)C1,5.700000504
628,CHEMBL1672288,N#Cc1cc(F)cc(C#Cc2csc(F)n2)c1,5
629,CHEMBL2208421,COc1cccc(SC[C@@H](O)CN2CCC(Oc3ccc(Cl)c(Cl)c3)CC2)c1,7.7000571
630,CHEMBL43491,CC1=C(C(=O)NCCCN2CCC(c3ccc(F)cc3C#N)CC2)[C@@H](c2ccc(F)c(F)c2)CC(=O)N1,7.236572006
631,CHEMBL1767144,CN1CCC[C@@H]1Cn1nc(Cc2ccc(C(=O)O)cc2)c2ccccc2c1=O,5.800000875
632,CHEMBL1923534,NCCSc1nc(C2CCCCC2)n(-c2ccccc2)n1,5.089999741
633,CHEMBL28833,CCCc1ccc(N2CCN(Cc3c[nH]c4ncccc34)CC2)cc1,5
634,CHEMBL2207285,O=C(NC[C@@H](O)CN1CCC(Oc2ccc(Cl)c(Cl)c2)CC1)c1c[nH]c(=O)c2cc(S(=O)(=O)NC3CC3)ccc12,8.299988938
635,CHEMBL3806162,CN/C(=N\C#N)NC[C@H]1CC[C@@H](c2c[nH]cn2)C1,5
636,CHEMBL291882,CCCCCC(=O)c1ccc(OCCCN2CCN(C(=O)c3sccc3Cl)CC2)cc1,7.100015437
637,CHEMBL158595,C[C@@H](NC(=O)c1ccc(N(C)C)cc1)C(=O)N1CCN(CCCOc2ccc(-c3noc(CC4CCCC4)n3)c(F)c2)CC1,6.050609993
638,CHEMBL3893197,c1cnc2c(N3CCN(CCCCc4ccc(OCCCN5CCCCCC5)cc4)CC3)cccc2c1,7.799970733
639,CHEMBL1767149,CN1CCC[C@@H]1Cn1nc(Cc2ccc(F)c(F)c2)c2ccccc2c1=O,9.599980365
640,CHEMBL2031737,C[C@@H]1CCCN1CCc1cc2cc(C(=O)c3ccc([N+](=O)[O-])cc3)ccc2o1,5.151502982
641,CHEMBL271702,Cc1cnc(-c2nnc(SCCCN3CCc4ccc5c(C)noc5c4CC3)n2C)cn1,5.599999383
642,CHEMBL570033,O=C(O)c1ccc(CCCCN2CCC(C(O)(c3ccccc3)c3ccccc3)CC2)cc1,6.692503962
643,CHEMBL1765111,O=c1c2ccccc2c(Cc2ccc(Cl)cc2)nn1C1CCCN(CCc2ccc(OCCCN3CCCCCC3)cc2)CC1,7.799970733
644,CHEMBL3805003,CC(C)CN/C(=N/C#N)NC[C@@H]1CC[C@H](c2c[nH]cn2)C1,5.078313525
645,CHEMBL363581,CN(C)C[C@@H]1CC2c3ccccc3Sc3ccc(F)cc3[C@H]2O1,8.920818754
646,CHEMBL2171015,O=C(NS(=O)(=O)N1CCC(N2CCC(Oc3ccc(Cl)c(Cl)c3)CC2)CC1)c1ccccc1,7
647,CHEMBL271511,Cc1ncoc1-c1nnc(SCCCN2CCc3nc4ccc(C(F)(F)F)cn4c3CC2)n1C,5.499999679
648,CHEMBL1935438,c1ccc(OCCn2c(C3CCCNC3)nc3ccccc32)cc1,9
649,CHEMBL255827,Cc1nc2cc3c(cc2o1)CCN(CCCSc1nnc(-c2ocnc2C)n1C)CC3,5.599999383
650,CHEMBL1088900_NBI78702,COc1nccnc1CC1=C(CCN(C)C)Cc2ccccc21,8.657577319
651,CHEMBL1767155,CN1CCC(Cn2nc(Cc3ccc(Cl)cc3)c3ccccc3c2=O)C1,8.199970641
652,CHEMBL273170,CC1NC(N)=Nc2ccc(Cl)c(Cl)c21,8.096910013
653,CHEMBL239080,C[C@@H]1CCCN1CCCOc1ccc(N2CCN(C(=O)c3ccc(C#N)cc3)CC2=O)cc1,5.599999383
654,CHEMBL195927,COc1ccccc1N1CCC(C(=O)Nc2ccc(OC)c(N3CCN(C)CC3)c2)CC1,5
655,CHEMBL258090,Cc1ccc2c(-c3nnc(SCCCN4CCc5cc6nc(CC(F)(F)F)oc6cc5CC4)n3C)cccc2n1,5.499999679
656,CHEMBL434785,N[C@@H](C(=O)O)C1Cc2ccccc2C1,4.970000124
657,CHEMBL4164849,Cc1oc(-c2ccco2)nc1CN(C)C[C@@H]1Cc2ccccc2O1,5
658,CHEMBL426317,COc1cccc(N2CCN(CCCCn3ncc(=O)n(C)c3=O)CC2)c1,6.076238039
659,CHEMBL418666,CC[C@H](N)C(=O)N1CCN(CCCOc2ccc(C(=O)C3CC3)cc2)CC1,5.330000131
660,CHEMBL1767137,COc1ccc(Cc2nn(C[C@H]3CCCN3C)c(=O)c3ccccc23)cc1,10
661,CHEMBL105267,N#Cc1ccc(-c2ccc(OCCCN3CC[C@@H](N)C3)cc2)cc1,4.860000083
662,CHEMBL4159365,COC(=O)c1ccc(-c2nc(CN(C)C[C@@H]3Cc4ccccc4O3)c(C)o2)cc1,5.559405738
663,CHEMBL2432046,COc1ccc(CN[C@H]2C3C4CC5C6C4CC3C6C52)cc1OC,5.866780543
664,CHEMBL4169603,Cc1cc(C)n(C2CN(CCCc3nc(-c4ccccc4)no3)C2)n1,5.571379327
665,CHEMBL241329,CCOc1cc(CN2CCC(NC(=O)c3cncc(C)c3)CC2)ccc1Cl,6.568636236
666,CHEMBL1088882_NBI78891,Cc1cncc(CC2=C(CCN(C)C)Cc3ccccc32)n1,7.920818754
667,CHEMBL1092258_NBI79100,COc1ccc2c(c1)CC(CCN(C)C)=C2Cc1cnccn1,8.050609993
668,CHEMBL1493369_NBI73686,C[C@@H](C1=C(CCN(C)C)Cc2ccccc21)c1ccccn1,7.160019442
669,CHEMBL435505,c1ccc(Cc2ccccc2OCCN2CCCC2)cc1,7.799970733
670,CHEMBL439065,Cc1nc2cc3c(cc2o1)CCN(CCCSc1nnc(-c2ccc(C(F)(F)F)cc2)n1C)CC3,5.400000186
671,CHEMBL256651,CCc1nc2cc3c(cc2o1)CCN(CCCSc1nnc(-c2ccc(F)c(F)c2)n1C)CC3,5.599999383
672,CHEMBL2146805,CN1CCC[C@@H]1Cn1nc(Cc2ccc(Cl)cc2)c2cnccc2c1=O,9.460046158
673,CHEMBL2205811,COc1cccc(CCN2C3C4C5CC6C7C5C3C7C2(O)C64)c1,5.052664324
674,CHEMBL1092649_NBI79307,CN(C)CCC1=C(Cc2cnccn2)c2ccc(F)cc2C1,8.853871964
675,CHEMBL64021,CCOC(=O)N1CCN(CCCOc2ccc(C(=O)c3cccc(C)c3)cc2)CC1,6.41999931
676,CHEMBL312082,CC(C#Cc1ccc(CN2CCN([C@H](c3ccccc3)c3ccc(Cl)cc3)CC2)o1)N(O)C(N)=O,6.721246399
677,CHEMBL2158833,O=C(O)c1ccc(CN2CCC(CN3CCC(Oc4ccc(Cl)c(Cl)c4)CC3)CC2)cc1,6.900008766
678,CHEMBL62596,O=C1C[C@@H](N2CCN(CCCOc3ccc(C(=O)C4CC4)cc3)CC2)N1,5
679,CHEMBL476839,COc1c(OCCF)cccc1C(O)C1CCN(CCc2ccc(C)cc2)CC1,6.35753548
680,CHEMBL51,O=C(c1ccc(F)cc1)C1CCN(CCn2c(=O)[nH]c3ccccc3c2=O)CC1,8.698970004
681,CHEMBL4163428,CN1CCN(c2ccc3c(c2)CN(C(=O)OCc2ccccc2)C3)CC1,6.316052869
682,CHEMBL914,CC(C)(C(=O)O)c1ccc(C(O)CCCN2CCC(C(O)(c3ccccc3)c3ccccc3)CC2)cc1,7.568636236
683,CHEMBL329268,CN(C)C[C@@H]1C[C@@H]2c3ccccc3Cc3ccccc3[C@H]2O1,9.200659451
684,CHEMBL1222693,Cc1nc2n(c1C)Cc1ccccc1C=C2N1CCN(CC(C)(C)C(=O)O)CC1,7.400007822
685,CHEMBL1277311,O=C(O)[C@@H]1CCCN(C2CCC3(Cc4ccccc4Oc4ccccc43)C2)C1,6.900008766
686,CHEMBL2171047,Cc1ccc(S(=O)(=O)NC(=O)N2CCC(N3CCC(Oc4ccc(Cl)c(C)c4Cl)CC3)CC2)cc1,7.7000571
687,CHEMBL1090197_NBI78703,CN(C)CCC1=C(Cc2cccnn2)c2ccccc2C1,8.113509275
688,CHEMBL256653,Cc1nc2cc3c(cc2o1)CCN(CCCSc1nnc(-c2cccnc2)n1C)CC3,5.400000186
689,CHEMBL1079686,CCOc1cc(CN2CCC(Nc3nc4cc(S(=O)(=O)N(C)C)ccc4o3)CC2)cc(OCC)c1-n1cccc1,5.301029996
690,CHEMBL2158815,O=C(O)C(c1ccccc1)N1CCC(N2CCC(Oc3ccc(Cl)c(Cl)c3)CC2)CC1,7.199970641
691,CHEMBL556782,Cc1ccc(C(=O)N2CCN(c3ccc(OC4CCN(C5CCC5)CC4)cc3)C(=O)C2)cc1,5.700000504
692,CHEMBL2171025,O=C(c1ccc(-c2noc(=O)[nH]2)cc1)N1CCC(N2CCC(Oc3ccc(Cl)c(Cl)c3)CC2)CC1,7.799970733
693,CHEMBL59798,CCCCCC(=O)c1ccc(OCCCN2CCN(CC(C)C)CC2)cc1,6.33999828
694,CHEMBL2208437,CS(=O)(=O)c1ccccc1C(=O)NCC(O)CNC1CCN(Cc2ccc(Cl)c(Cl)c2)CC1,5.899998417
695,CHEMBL271066,Cc1ccc2c(-c3nnc(SCCCN4CCc5cc6c(cc5CC4)OCC(=O)N6)n3C)cccc2n1,6.799998135
696,CHEMBL3964404,CNCCCOc1ccccc1Cc1ccccc1,7.500038134
697,CHEMBL1632413,CN1CCN(/C(=N\O)c2cc3cc(Cl)ccc3[nH]2)CC1,5
698,CHEMBL302445,CCCCCC(=O)c1ccc(OCCCN2CCNCC2)cc1,5.219999702
699,CHEMBL550818_NBI73522,CN(CC1CCOCC1)C1CCN(c2nc3ccccc3n2Cc2ccc(F)cc2)CC1,8.408935393
700,CHEMBL101634,CC(=O)c1ccc(OCCCN2CC[C@H](NC(=O)c3csc(-c4cccnc4)n3)C2)cc1,4.958607315
701,CHEMBL294519,CCCCCC(=O)c1ccc(OCCCN2CCN(C(=O)c3ccccc3)CC2)cc1,6.540004744
702,CHEMBL271083,Cc1ncoc1-c1nnc(SCCCN2CCc3cc4nc(C(F)(F)C(F)(F)F)oc4cc3CC2)n1C,5.599999383
703,CHEMBL288772,CC1=C(C(=O)NCCCN2CCC(c3ccc(F)cc3C#N)CC2)[C@@H](c2ccc(F)c(F)c2)CC(=O)N1C,6.400116928
704,CHEMBL2413154,COc1ccccc1N1CCN(CCCCn2ncc(=O)n(C)c2=O)CC1,5.987162775
705,CHEMBL2171048,Cc1ccc(S(=O)(=O)NC(=O)N2CCC(N3CCC(Oc4ccc(Cl)cc4C)CC3)CC2)cc1,7.599980365
706,CHEMBL2208432,O=C(NC[C@@H](O)CN1CCC(Oc2ccc(Cl)c(Cl)c2)CC1)n1c(=O)[nH]c2ccccc21,7.7000571
707,CHEMBL3898341,CCCCc1cc(N2CCN(CCc3ccc(OCCCN4CCCCCC4)cc3)CC2)c2nc(CCC(=O)O)ccc2c1,7.89997427
708,CHEMBL322695,CC(=O)c1ccc(OCCCN2CC[C@H](NC(=O)c3cnccn3)C2)cc1,5
709,CHEMBL1278114,O=C(O)CCNC1CC[C@]2(Cc3ccccc3Cc3ccccc32)C1,8
710,CHEMBL188021,NC(=O)N(O)CCC#Cc1ccc(OCCCN2CCC(=C3c4ccc(Cl)cc4CCc4cccnc43)CC2)cc1,7.853871964
711,CHEMBL256482,CCc1nc2cc3c(c(Br)c2o1)CCN(CCCCSc1nnc(-c2cccc4nc(C)ccc24)n1C)CC3,5.700000504
712,CHEMBL2171042,Cc1cccc(S(=O)(=O)NC(=O)N2CCC(N3CCC(Oc4ccc(Cl)c(Cl)c4)CC3)CC2)c1,7.500038134
713,CHEMBL238871,O=C(c1cc(F)cc(F)c1)N1CCN(c2ccc(OCCCN3CCCCCC3)cc2)C(=O)C1,5.599999383
714,CHEMBL1946253,Fc1ccc(CCCCN2CCCN(c3ccc(Cl)cc3)CC2)cc1,5.904133547
715,CHEMBL1767147,COc1cccc(Cc2nn(C[C@H]3CCCN3C)c(=O)c3ccccc23)c1,8.7000571
716,CHEMBL366164,CN(C)C[C@H]1C[C@@H]2c3ccccc3Sc3ccc(F)cc3[C@H]2O1,8.853871964
717,CHEMBL3806079,N#C/N=C(/NCCSc1ccccc1)NC[C@@H]1CC[C@H](c2c[nH]cn2)C1,5.467958282
718,CHEMBL319352,Cn1nnc(-c2ccc3c(c2)c(C2CCN(CCN4CCNC4=O)CC2)cn3-c2ccc(F)cc2)n1,6.301029996
719,CHEMBL140872,O=C(CCCN1CCN(c2ncccn2)CC1)c1ccc(F)cc1,6.040052787
720,CHEMBL1222764,COc1cnc2n1Cc1ccccc1C=C2N1CCN(CC(C)(C)C(=O)O)CC1,6.900008766
721,CHEMBL271449,Cc1ncoc1-c1nnc(SCCCN2CCc3ccc4oc(C(F)(F)F)nc4c3CC2)n1C,5.599999383
722,CHEMBL3895427,c1ccc(Cc2ccccc2OCCCN2CCCCC2)cc1,7.89997427
723,CHEMBL1087089_NBI73002,CN1CCCC(c2nc3ccccc3n2Cc2ccc(F)cc2)C1,9.301029996
724,CHEMBL2376800,CCc1cnc2c(N3CC(NC)C3)nc(N)nc2c1,4.469999944
725,CHEMBL63631,CCCCCC(=O)c1ccc(OCCCN2CCN(S(=O)(=O)C(C)C)CC2)cc1,4.950000176
726,CHEMBL1095819,CN1CCC[C@@H](c2nc3ccccc3n2Cc2ccc(F)cc2)C1,9.045757491
727,CHEMBL60383,CCCCCC(=O)c1ccc(OCCCN2CCN(C(=O)c3ccc(C)s3)CC2)cc1,7.010016542
728,CHEMBL2376804,CNC1CN(c2nc(N)nc3cc(C4CC4)cnc23)C1,4.680000027
729,CHEMBL47050,OC1(c2ccc(Cl)c(C(F)(F)F)c2)CCN(CCCC(c2ccc(F)cc2)c2ccc(F)cc2)CC1,6
730,CHEMBL197796,COc1ccc(NC(=O)N2CCN(c3ccc(SC)cc3)CC2)cc1N1CCN(C)CC1,5
731,CHEMBL322678,Cn1cnc(S(=O)(=O)N[C@H]2CCN(CCCOc3ccc(C(=O)C4CC4)cc3)C2)c1,4.040958608
732,CHEMBL100454,CN1CCN(C2=Nc3ccccc3Nc3sc(CO)cc32)CC1,8.22184875
733,CHEMBL1923533,OC(CNC1CC1)Cn1c2ccccc2c2ccccc21,5.200000237
734,CHEMBL4161436,c1ccc(-c2nc(CN3CCCN(c4nccs4)CC3)co2)cc1,7.721246399
735,CHEMBL272546,CCc1nc2cc3c(cc2o1)CCN(CCCSc1nnc(-c2ocnc2C)n1C)CC3,5.499999679
736,CHEMBL64775,CCCCCC(=O)c1ccc(OCCCN2CCN(C(=O)OCC(C)C)CC2)cc1,6.560004526
737,CHEMBL429458,O=C(c1ccc(F)cc1)N1CCN(c2ccc(OCCCN3CCCC3)cc2)C(=O)C1,5.599999383
738,CHEMBL1092599_NBI79312,Cc1csc([C@H](C)C2=C(CCN(C)C)Cc3ccccc32)n1,8.508638306
739,CHEMBL3805663,N#C/N=C(/NCCCc1ccccc1)NC[C@@H]1CC[C@H](c2c[nH]cn2)C1,5.029188389
740,CHEMBL2205836,COc1ccccc1CCN1C2C3C4CC5C6C4C2C6C1(O)C53,5.428640607
741,CHEMBL2171035,O=C(NS(=O)(=O)c1ccc(Cl)cc1)N1CCC(N2CCC(Oc3ccc(Cl)c(Cl)c3)CC2)CC1,7.7000571
742,CHEMBL30713,CC(N)Cc1c[nH]c2ccccc12,5
743,CHEMBL392713,C[C@H]1CCCN1CCCOc1ccc(N2CCN(C(=O)c3cc(F)cc(F)c3)CC2=O)cc1,5.700000504
744,CHEMBL2158828,O=C(O)COc1ccccc1N1CCC(CN2CCC(Oc3ccc(Cl)c(Cl)c3)CC2)CC1,7.799970733
745,CHEMBL1767141,Cc1ccc(Cc2nn(C[C@H]3CCCN3C)c(=O)c3ccccc23)cc1,9.7000571
746,CHEMBL3818881,O=C(CCCCN1C2CCC1CC(O)(c1ccc(Cl)cc1)C2)c1nc2ccccc2s1,5.989004078
747,CHEMBL322873,CC1CCCN(CCCOc2ccc(-c3ccc(C#N)cc3)cc2)C1,6.560004526
748,CHEMBL64667,CCCCCC(=O)c1ccc(OCCCN2CCN(C(=O)N3CCCC3)CC2)cc1,5.979999398
749,CHEMBL62808,CCCCCC(=O)c1ccc(OCCCN2CCN(C(=O)[C@@H](N)Cc3ccncc3)CC2)cc1,5.639999555
750,CHEMBL1259187,CC(=O)NCc1ccc2c(c1)c(C1CCN(CCN3CCNC3=O)CC1)cn2-c1ccc(F)cc1,7.193820026
751,CHEMBL1090527,C[C@H](C1=C(CCN(C)C)Cc2cc(F)ccc21)c1nccs1,9.522878745
752,CHEMBL517407,CN(CC/C=C1\c2ccccc2Sc2ccc(Cl)cc21)Cc1ccc(OCCCN2CCCCC2)cc1,6.530177984
753,CHEMBL62660,CCCCCC(=O)c1ccc(OCCCN2CCN(C(=O)[C@H](N)CO)CC2)cc1,4.330000038
754,CHEMBL457957,CN(CCC=C1c2ccccc2CCc2ccccc21)C(=O)Cc1ccc(OCCCN2CCCCC2)cc1,6.252588192
755,CHEMBL60598,CCCCCC(=O)c1ccc(OCCCN2CCN(C(=O)[C@H](NC(=O)OC(C)(C)C)C(C)C)CC2)cc1,5.480000159
756,CHEMBL1935437_NBI73789,Fc1ccc(Cn2c([C@@H]3CCCNC3)nc3ccccc32)cc1,8.920818754
757,CHEMBL105594,N#Cc1ccc(-c2ccc(OCCCN3CCNCC3)cc2)cc1,5.04999997
758,CHEMBL101691,O=C(c1ccc(OCCCN2CC[C@H](NS(=O)(=O)c3ccccc3)C2)cc1)C1CC1,5.040958608
759,CHEMBL329566,CN(C)C[C@H]1C[C@@H]2c3ccccc3Cc3ccccc3[C@H]2O1,9.317068892
760,CHEMBL2207665,Cn1cc(C(=O)NC[C@@H](O)CN2CCC(Oc3ccc(Cl)c(Cl)c3)CC2)c(C(F)(F)F)cc1=O,8.299988938
761,CHEMBL2432052,CN(CCc1cccc(F)c1)[C@H]1C2C3CC4C2C(=O)C2C4C3C21,5
762,CHEMBL101748,N#Cc1cccc(S(=O)(=O)N[C@H]2CCN(CCCOc3ccc(C(=O)C4CC4)cc3)C2)c1,5.050609993
763,CHEMBL294349,CCCCCC(=O)c1ccc(OCCCN2CCN(C(=O)C(C)(C)O)CC2)cc1,4.670000018
764,CHEMBL4159893,CC(C)c1nc(CN2CC[C@H](c3ccccc3)C2)cs1,6.492144128
765,CHEMBL236788,CCOc1cc(CN2CCC(Nc3nc4cc(S(N)(=O)=O)ccc4o3)CC2)cc(OCC)c1N,5.585026652
766,CHEMBL318235,COc1cc2c(cc1OC)C1=NO[C@@H](CN3CCN(C/C(C)=C/c4ccc(F)cc4)CC3)[C@@H]1CO2,7.13076828
767,CHEMBL364565,c1ccc(Cc2ccccc2OCCN2CCCCC2)cc1,7.599980365
768,CHEMBL257369,Cc1ccc2c(-c3nnc(SCCCCN4CCc5cc6nc(C(F)(F)F)oc6c(Br)c5CC4)n3C)cccc2n1,5.899998417
769,CHEMBL191703,C[C@H]1[C@H]2CC[C@H]3[C@@H]4CC=C5C[C@@H](N(C)C)CC[C@]5(C)[C@H]4CC[C@]23CN1C,5
770,CHEMBL92667,CN(C)CC1C[C@@H]2c3ccccc3Cc3ccccc3[C@H]2O1,9.15490196
771,CHEMBL1092650_NBI79113,COc1nccnc1CC1=C(CCN(C)C)Cc2cc(Cl)ccc21,8.823908741
772,CHEMBL1092259_NBI79092,CN(C)CCC1=C(Cc2cnccn2)c2ccc(Cl)cc2C1,8.853871964
773,CHEMBL255220,Cc1nc2ccc3c(c2s1)CCN(CCCSc1nnc(-c2ocnc2C)n1C)CC3,5.599999383
774,CHEMBL2146803,COCCN1CCC[C@@H]1Cn1nc(Cc2ccc(Cl)cc2)c2ccccc2c1=O,9.289967301
775,CHEMBL2146809,CN1CCC[C@@H]1Cn1nc(Cc2ccc(Cl)cc2)c2ncccc2c1=O,9.500038134
776,CHEMBL3806146,N#C/N=C(\NC[C@@H]1CC[C@H](c2c[nH]cn2)C1)NC1CC1,5
777,CHEMBL4165863,O=C(OCc1ccccc1)N1CCc2ccc(N3CCN(C4CCCC4)CC3)cc2C1,6.473660723
778,CHEMBL1940402,OC1(c2ccc(Cl)cc2)CCN(CCCCc2ccc(F)cc2)CC1,6.891096872
779,CHEMBL2179217,COc1ccc(S(=O)(=O)n2cc(C)c3cc(Cl)ccc32)cc1NC1CCN(C)CC1,6.166343003
780,CHEMBL59715,CCCCCC(=O)c1ccc(OCCCN2CCN(C(=O)c3c[nH]cn3)CC2)cc1,6.279997898
781,CHEMBL64334,CCCCCC(=O)c1ccc(OCCCN2CCN(CCCC)CC2)cc1,6.180002266
782,CHEMBL269959,Cc1ccc2c(-c3nnc(SCCCN4CCc5cc6nc(C)oc6cc5CC4)n3C)cccc2n1,5.700000504
783,CHEMBL3094217,c1cc2c(cc1OCCN1CCCCC1)CCN(CC1CC1)CC2,5.700000504
784,CHEMBL1277216,O=C(O)C1CCN(C2CCC3(Cc4ccccc4Oc4ccccc43)C2)CC1,7.100015437
785,CHEMBL2158821,O=C(O)[C@@H](c1ccccc1)N1CCC(CN2CCC(Oc3ccc(Cl)c(Cl)c3)CC2)CC1,7
786,CHEMBL454890,CN1CCN(c2nc(NCc3ccoc3)c3cc(Cl)ccc3n2)CC1,7.010016542
787,CHEMBL3753318,C=CCN(CC=C)CCc1c[nH]c2ccc(C)cc12,6.17063202
788,CHEMBL3970299,Clc1ccc2sc(CCCCN3CCc4ccccc4C3)nc2c1,6.608652312
789,CHEMBL258930,c1ccc([C@@H](Oc2cccc3c2OCC3)[C@H]2CNCCO2)cc1,8
790,CHEMBL2178582,O=C(O)Cc1ccc2c(c1)/C(=C/CN1CCCC(Cc3ccccc3)C1)c1ccccc1CO2,7.698970004
791,CHEMBL2171031,Cc1ccc(C(=O)N2CCC(N3CC[C@@H](Oc4ccc(Cl)c(C)c4Cl)C[C@H]3C(=O)O)CC2)cc1,5.300000202
792,CHEMBL394144,C[C@@H]1CCCN1CCCOc1ccc(N2CCN(C(=O)c3ccc(F)cc3)CC2=O)cc1,5.700000504
793,CHEMBL4174330,Fc1ccc(N2CCN(CCNc3cncc(Cl)n3)CC2)cc1,6.519993057
794,CHEMBL272695,Cc1ccc2c(-c3nnc(SCCCN4CCc5cc6nc(C7CC7)oc6cc5CC4)n3C)cccc2n1,5.800000875
795,CHEMBL229429,N#Cc1cc(F)cc(C#Cc2csc(CF)n2)c1,5
796,CHEMBL285802_NBI921991,CN(C)CCOC1=Cc2ccccc2Sc2ccc(Cl)cc21,8.838064697
797,CHEMBL419316,COc1cc2c(cc1OC)C1=NO[C@@H](CN3CCN(C/C=C(\C)c4ccccc4)CC3)[C@@H]1CO2,6
798,CHEMBL2158836,O=C(O)[C@@H](Cc1ccccc1)N1CCC(CN2CCC(Oc3ccc(Cl)c(Cl)c3)CC2)CC1,7
799,CHEMBL1222763,CC(C)(CN1CCN(C2=Cc3ccccc3Cn3cc(F)nc32)CC1)C(=O)O,7.400007822
800,CHEMBL328187,Cn1cc(-c2ccc3c(c2)c(C2CCN(CCN4CCNC4=O)CC2)cn3-c2ccc(F)cc2)nn1,5.823908741
801,CHEMBL73706,NC(=O)N(O)CCC#Cc1ccc(CN2CCN(C(c3ccc(F)cc3)c3ccc(F)cc3)CC2)o1,6.259637311
802,CHEMBL4162575,CC(=O)N1CCc2cc(C(=O)NCCCN3CCN(C)CC3)ccc21,5
803,CHEMBL1923523,NC1=NC(c2ccccc2)n2c(nc3ccccc32)N1,6.36999951
804,CHEMBL69759,NS(=O)(=O)c1ccc(N2CCN(CC[C@@H]3OCCc4ccccc43)CC2)cc1,5.795880017
805,CHEMBL3819494,c1ccc2c(c1)CCN(CCCCc1c[nH]c3ccccc13)C2,6.078897846
806,CHEMBL2208424,N#Cc1cccc(OC[C@@H](O)CCN2CCC(Oc3ccc(Cl)c(Cl)c3)CC2)c1,9.500038134
807,CHEMBL1767156,CN1CCC(n2nc(Cc3ccc(Cl)cc3)c3ccccc3c2=O)CC1,9
808,CHEMBL4164695,COc1ccc(-c2nc(CN(C)C[C@@H]3Cc4ccccc4O3)c(C)o2)cc1C,5
809,CHEMBL1090526_NBI79785,COc1nccnc1[C@H](C)C1=C(CCN(C)C)Cc2cc(F)ccc21,9.15490196
810,CHEMBL255621,Cc1ncoc1-c1nnc(SCCCN2CCc3cc4ncoc4cc3CC2)n1C,5.300000202
811,CHEMBL451,CNC1=Nc2ccc(Cl)cc2C(c2ccccc2)=[N+]([O-])C1,6.681936665
812,CHEMBL271632,Cc1ccc2c(-c3nnc(SCCCN4CCc5cc6nc(C)sc6cc5CC4)n3C)cccc2n1,6
813,CHEMBL127508,OC(c1ccccc1)(c1ccccc1)C1CCNCC1,6.181114585
814,CHEMBL540634,O=C(c1ccc(Cl)cc1)N1CCN(c2ccc(OC3CCN(C4CCC4)CC3)cc2)C(=O)C1,5.700000504
815,CHEMBL2171028,O=C(O)CCNc1ccccc1C(=O)N1CCC(N2CCC(Oc3ccc(Cl)c(Cl)c3)CC2)CC1,7.799970733
816,CHEMBL3916710,NCCOc1ccccc1Cc1ccccc1,5.800000875
817,CHEMBL3967709,O=C(O)c1cnc2c(N3CCN(CCc4ccc(OCCCN5CCCCCC5)cc4)CC3)cccc2c1,6.399996913
818,CHEMBL66660,C(#Cc1c2c(nc3ccccc13)CCCCC2)CCN1CCCCC1,4.803188457
819,CHEMBL1923521,c1ccc(Cc2ccccc2OC2CCNCC2)cc1,8.073930041
820,CHEMBL1712377,O=C(CCN1CCN(Cc2ccccc2)CC1)Nc1nccs1,9.096910013
821,CHEMBL3238444,Cc1nnc(C)n1-c1ccc(OCCCN2CCCCC2)cc1,4.530000033
822,CHEMBL352375,CC(C1=C(CCN(C(C)C)C(C)C)Cc2ccccc21)c1ccccn1,6.134996095
823,CHEMBL3752885,CN1CCN(c2nc(NCc3ccccc3)c3c(n2)-c2ccccc2CC3)CC1,6.050000457
824,CHEMBL1277400,O=C(O)C1=CCCN(C2CCC3(C2)C(=O)c2ccccc2Cc2ccccc23)C1,7.100015437
825,CHEMBL1277492,O=C(O)[C@@H]1CCCN(C2CCC3(C2)C(=O)c2cc(Cl)ccc2Oc2ccccc23)C1,6.699991797
826,CHEMBL1935443_NBI85736,Cc1ccc(Cn2c(C3CNCCO3)nc3ccccc32)cc1C,7.579476767
827,CHEMBL403181,CCc1noc2cc3c(cc12)CCN(CCCSc1nnc(-c2cccc4nc(C)ccc24)n1C)CC3,6.900008766
828,CHEMBL1277935,O=C(O)C1=CCCN(C2CC[C@]3(Cc4ccccc4Cc4ccccc43)C2)C1,7.650018732
829,CHEMBL314968,c1ccc(C2CCN(CC3C[C@@H]4c5ccccc5Sc5ccccc5[C@H]4O3)CC2)cc1,7.326979093
830,CHEMBL1946122,OC1(c2ccc(Cl)cc2)C[C@@H]2CC[C@H](C1)N2CCCOc1ccc(F)cc1,5.382056565
831,CHEMBL268258,COc1cccc2c1CCC[C@H]2CN(C)CCc1ccc2ccoc2c1,6
832,CHEMBL272588,Cc1ncoc1-c1nnc(SCCCN2CCc3nc4cc(C(F)(F)F)ccn4c3CC2)n1C,5.499999679
833,CHEMBL3238446,C[C@H](NCc1ccc(OCCCN2CCCCC2)cc1)C(N)=O,4.499999953
834,CHEMBL272150,Cc1ccc2c(-c3nnc(SCCCN4CCc5ccc6oc(C(F)(F)F)nc6c5CC4)n3C)cccc2n1,6.299997603
835,CHEMBL2207667,NC(=O)c1c(OC2CCN(C[C@H](O)CNC(=O)c3c[nH]c(=O)c4ccccc34)CC2)ccc(Cl)c1Cl,6.599997654
836,CHEMBL1277584,O=C(O)[C@@H]1CCCN(C2CC[C@]3(Cc4ccccc4Cc4ccccc43)C2)C1,7.7000571
837,CHEMBL2146807,CCCCN1CCC[C@@H]1Cn1nc(Cc2ccc(Cl)cc2)c2cccnc2c1=O,9.199970641
838,CHEMBL2158792,Cc1cc(OC2CCN(CC3CCN([C@@](C)(Cc4ccc(F)cc4)C(=O)O)CC3)CC2)ccc1Cl,7.299988938
839,CHEMBL4171171,Clc1cncc(NCCCCN2CCN(c3ccccc3)CC2)n1,7.494850022
840,CHEMBL402087,Cc1ccc2c(-c3nnc(SCCCN4CCc5cc6nc(C(C)(C)C)oc6c(C)c5CC4)n3C)cccc2n1,5.800000875
841,CHEMBL2171037,CN(C)c1ccc(S(=O)(=O)NC(=O)N2CCC(N3CCC(Oc4ccc(Cl)c(Cl)c4)CC3)CC2)cc1,7.7000571
842,CHEMBL4161837,Cc1ccn(CCN2CCC(Cc3ccccc3F)CC2)n1,6.552841969
843,CHEMBL64321,CCCCCC(=O)c1ccc(OCCCN2CCN(C(=O)[C@H](N)Cc3ccncc3)CC2)cc1,5.480000159
844,CHEMBL482496,COc1cc(CCNCc2ccccc2OC)c(OC)cc1I,6.723538196
845,CHEMBL3753334,CN1CCN(c2nc(NCc3ccc(F)cc3)nc3c2CCc2ccccc2-3)CC1,5.710001025
846,CHEMBL269995,Cc1nc2cc3c(cc2o1)CCN(CCCSc1nnc(-c2ccc(F)c(F)c2)n1C)CC3,5.400000186
847,CHEMBL74355,COc1cccc([C@H](O)C2CCN(CCc3ccc(F)cc3)CC2)c1OC,6
848,CHEMBL2171029,O=C(O)CCCCn1nnc(-c2ccc(C(=O)N3CCC(N4CCC(Oc5ccc(Cl)c(Cl)c5)CC4)CC3)cc2)n1,7.400007822
849,CHEMBL104994,CC(=O)c1ccc(OCCCN2CC[C@H](NC(=O)[C@@H](N)CO)C2)cc1,4.366531544
850,CHEMBL564,CN(C)CCCN1c2ccccc2Sc2ccccc21,9.399027104
851,CHEMBL594721,CN1CCN(c2cc(NCc3ccccc3Cl)nc(N)n2)CC1,6
852,CHEMBL1088899_NBI78892,Cc1cnc(CC2=C(CCN(C)C)Cc3ccccc32)cn1,7.455931956
853,CHEMBL272511,Cc1ccc2c(-c3nnc(SCCCN4CCc5ccc6oc(C)nc6c5CC4)n3C)cccc2n1,6.099999035
854,CHEMBL1278021,O=C(O)C1=CCCN(C2CC[C@@]3(Cc4ccccc4Cc4ccccc43)C2)C1,6.799998135
855,CHEMBL93321,CN(C)CC1C[C@@H]2c3ccccc3OCc3ccccc3[C@H]2O1,8.017728767
856,CHEMBL293033,CC(C)(C)OC[C@@H](N)C(=O)N1CCN(CCCOc2ccc(C(=O)C3CC3)cc2)CC1,4.790000026
857,CHEMBL1935448,COc1ccc(Cn2c(C3CNCCS3)nc3ccccc32)cc1,7.036212173
858,CHEMBL63002,N[C@H](Cc1cc2ccccc2s1)C(=O)N1CCN(CCCOc2ccc(C(=O)C3CC3)cc2)CC1,5.359999833
859,CHEMBL2207277,Cc1cc(Cl)ccc1OC1CCN(C[C@H](O)CNC(=O)c2c[nH]c(=O)c3ccc(S(C)(=O)=O)cc23)CC1,7.199970641
860,CHEMBL2158769,N#Cc1ccccc1C[C@@H](C(=O)O)N1CCC(CN2CCC(Oc3ccc(Cl)c(Cl)c3)CC2)CC1,7.799970733
861,CHEMBL3907368,O=C(O)CCc1cnc2c(N3CCN(CCc4ccc(OCCCN5CCCCCC5)cc4)CC3)cccc2c1,7.400007822
862,CHEMBL4161676,CCOc1ccc([C@H](O)CN2CCN(c3ccccc3F)CC2)cc1,6.143875556
863,CHEMBL2158772,Cc1ccccc1C[C@@H](C(=O)O)N1CCC(CN2CCC(Oc3ccc(Cl)c(Cl)c3)CC2)CC1,7.500038134
864,CHEMBL1923528,CNCC(O)CN1c2ccccc2C2CCCCC21,5.639999555
865,CHEMBL14638,O=C(c1ccc(OCCCc2c[nH]cn2)cc1)C1CC1,5
866,CHEMBL129198,CN1CCN(C(=O)c2cc3cc(Cl)ccc3[nH]2)CC1,5.169999402
867,CHEMBL267014,Clc1ccc(N2CCN(Cc3c[nH]c4ncccc34)CC2)cc1,5
868,CHEMBL270209,Cc1nc2cc3c(cc2o1)CCN(CCCSc1nnc(C2CCOCC2)n1C)CC3,5.499999679
869,CHEMBL343324,CNCCCOc1cccc2ccccc12,6.099999035
870,CHEMBL255826,Cc1ccc2c(-c3nnc(SCCCN4CCc5cc6nc(N7CCCCC7)oc6cc5CC4)n3C)cccc2n1,5.499999679
871,CHEMBL25688,N#Cc1ccc(-c2ccc(OCCCN3CCCC3)cc2)cc1,5.300000202
872,CHEMBL1935435_NBI88386,Fc1ccc(Cn2c(C3CCCN(Cc4ncco4)C3)nc3ccccc32)cc1,7.987121843
873,CHEMBL305144,O=C(c1ccc(OCCCN2CCN(C(=O)[C@H]3CCN3)CC2)cc1)C1CC1,4.900000142
874,CHEMBL238872,O=C(c1ccc(F)cc1F)N1CCN(c2ccc(OCCCN3CCCCCC3)cc2)C(=O)C1,5.599999383
875,CHEMBL92333,Clc1cccc(N2CCN(CC3C[C@@H]4c5ccccc5Cc5ccccc5[C@H]4O3)CC2)c1,6.326979093
876,CHEMBL430368,CC(C)N1CCC(Oc2ccc(N3CCN(C(=O)c4cc(F)cc(F)c4)CC3=O)cc2)CC1,5.599999383
877,CHEMBL1767161,O=c1c2ccccc2c(Cc2ccc(Cl)cc2)nn1C1CCCN(CCCCc2ccc(OCCCN3CCCCCC3)cc2)CC1,7.7000571
878,CHEMBL195706,CN(C)C[C@@H]1CC2c3ccccc3Oc3ccc(F)cc3[C@H]2O1,7.48148606
879,CHEMBL92860,COc1cc2c(cc1OC)C1=NO[C@@H](CN3CCN(Cc4ccc5ccccc5c4)CC3)[C@@H]1CO2,6.337242168
880,CHEMBL328209,CN(C)CC1C[C@@H]2c3ccccc3COc3ccccc3[C@H]2O1,7.68613278
881,CHEMBL2432045,c1ccc(CN[C@H]2C3C4CC5C6C4CC3C6C52)cc1,5
882,CHEMBL3804862,N#C/N=C(/NCCOc1ccccc1)NC[C@H]1CC[C@H](c2c[nH]cn2)C1,5
883,CHEMBL435949,COc1ccccc1N1CCN(Cc2c[nH]c3ncccc23)CC1,5
884,CHEMBL2207668,N#Cc1ccc(OC2CCN(C[C@H](O)CNC(=O)c3c[nH]c(=O)c4ccccc34)CC2)cc1,6.299997603
885,CHEMBL3321789,OC1(c2ccc(Cl)cc2)CC2CCC(C1)N2CCCOc1ccc(F)cc1,5.382056565
886,CHEMBL2171020,O=C(c1c[nH]c(=O)c2ccccc12)N1CCC(N2CCC(Oc3ccc(Cl)c(Cl)c3)CC2)CC1,7.599980365
887,CHEMBL256474,Cc1ncoc1-c1nnc(SCCCN2CCc3cc4nc(C(C)(F)F)oc4cc3CC2)n1C,5.700000504
888,CHEMBL1092662_NBI79499,CN(C)CCC1=C(Cc2cccnn2)c2ccc(F)cc2C1,8.769551079
889,CHEMBL3818935,O=C1NCN(c2ccccc2)C12CCN(CCCCc1nc3ccccc3o1)CC2,6.270823835
890,CHEMBL364270,CN(C)C[C@@H]1CC2c3ccccc3Oc3ccc(Cl)cc3[C@H]2O1,7.853871964
891,CHEMBL563920,C[C@@H](c1ccccn1)c1c(CCN(C)C)oc2ccccc12,9.045757491
892,CHEMBL1767140,CN1CCC[C@@H]1Cn1nc(Cc2ccc(F)cc2)c2ccccc2c1=O,9.500038134
893,CHEMBL445,CNCCC=C1c2ccccc2CCc2ccccc21,8.231954186
894,CHEMBL534_NBI364416,CN1CCC(=C2c3ccccc3CC(=O)c3sccc32)CC1,9.830045824
895,CHEMBL2171027,O=C(O)CCCS(=O)(=O)c1cccc(C(=O)N2CCC(N3CCC(Oc4ccc(Cl)c(Cl)c4)CC3)CC2)c1,7.100015437
896,CHEMBL519240,Nc1nc2c(c(N3CCNCC3)n1)CCC1=C2[C@@H]2CCCC[C@@H]2O1,5.450000476
897,CHEMBL1767142,CN1CCC[C@@H]1Cn1nc(Cc2ccc(C(C)(C)C)cc2)c2ccccc2c1=O,6.399996913
898,CHEMBL3752383,CN1CCN(c2cc(-c3ccccc3)nc(NCCc3ccccc3)n2)CC1,5.480000159
899,CHEMBL4166021,CCN1CCN(CCCNC(=O)c2ccc(F)cc2Cl)CC1,5
900,CHEMBL2158779,O=C(O)[C@H](Cc1ccc(F)cc1)N1CCC(CN2CCC(Oc3ccc(Cl)cc3Cl)CC2)CC1,7
901,CHEMBL3752978,CN1CCN(c2nc(NCCc3ccccc3)cc(-c3ccccc3)n2)CC1,5.710001025
902,CHEMBL1090176,COc1nccnc1[C@H](C)C1=C(CCN(C)C)Cc2cc(C)ccc21,8.568636236
903,CHEMBL1201207,C[C@H]1C[C@H]2[C@@H]3CCC4=CC(=O)C=C[C@]4(C)[C@@]3(F)[C@@H](O)C[C@]2(C)[C@@]1(O)C(=O)COP(=O)(O)O,5.932185489
904,CHEMBL2171013,Cc1ccc(S(=O)(=O)N(C)C(=O)N2CCC(N3CCC(Oc4ccc(Cl)c(Cl)c4)CC3)CC2)cc1,8.599980365
905,CHEMBL1222624,CC1CN(C2=Cc3ccccc3Cn3ccnc32)CC(C)N1CCC(=O)O,7.7000571
906,CHEMBL398615,CS(=O)(=O)c1ccc2c(c1)N(CCCN1CCC(C(N)=O)CC1)c1ccccc1S2,8.075720714
907,CHEMBL2158840,O=C(O)[C@H](Cc1cccc(F)c1)N1CCC(CN2CCC(Oc3ccc(Cl)c(Cl)c3)CC2)CC1,6.900008766
908,CHEMBL2113738,CCOC(=O)N1CCN(CCCOc2ccc(C(=O)c3ccc(SC)cc3)cc2)CC1,6.350003493
909,CHEMBL370128,COc1ccc(NC(=O)N2CCN(c3ccccc3Cl)CC2)cc1N1CCN(C)CC1,5
910,CHEMBL1277401,O=C(O)C1CCN(C2CCC3(C2)C(=O)c2cc(Cl)ccc2Oc2ccccc23)CC1,6
911,CHEMBL2376803,CNC1CN(c2nc(N)nc3cc(C4CCCC4)cnc23)C1,4.779999976
912,CHEMBL287671,c1ccc(-c2ccc(N3CCN(Cc4c[nH]c5ncccc45)CC3)cc2)cc1,5
913,CHEMBL1278019,O=C(O)C1(F)CCCN(C2CC[C@]3(Cc4ccccc4Cc4ccccc43)C2)C1,6.099999035
914,CHEMBL3910939,Clc1ccc(Cc2ccccc2OC2CCNCC2)cc1,8.199970641
915,CHEMBL467094,COc1cc2c3c(c1OC)-c1cc4c(cc1CC3N(C)CC2)OCO4,5
916,CHEMBL3981091,NCCCOc1ccccc1Cc1ccccc1,6.499996932
917,CHEMBL3890153,c1ccc2c(c1)CCN(CCCc1nc3ccccc3s1)C2,6.087564229
918,CHEMBL272478,Cc1ccc2c(-c3nnc(SCCCN4CCc5cc6c(cc5CC4)C(=O)N(C(C)C)C6)n3C)cccc2n1,5.700000504
919,CHEMBL96471,c1ccc(C2CCN(CC3C[C@@H]4c5ccccc5Cc5ccccc5[C@H]4O3)CC2)cc1,7.527243551
920,CHEMBL3094213,CC(C)N1CCC(Oc2ccc3c(c2)CCNCC3)CC1,5.599999383
921,CHEMBL654_NBI79101,CN1CCN2c3ncccc3Cc3ccccc3C2C1,8.795880017
922,CHEMBL318320,CCOC(=O)N1CCN(CCCOc2ccc(-c3ccc([N+](=O)[O-])cc3)cc2)CC1,7.090016305
923,CHEMBL3959919,COc1cc2c(cc1OC)CN(CCCCc1nc3cc(Cl)ccc3s1)CC2,6.487728578
924,CHEMBL96467,C[C@@H]1OC(=O)N(C(=O)NCCCN2CCC(c3ccc(F)cc3)CC2)[C@H]1c1ccc(F)c(F)c1,7.26760624
925,CHEMBL91157,COc1cc2c(cc1OC)C1=NO[C@@H](CN3CCN(C/C(C)=C/c4ccccc4)CC3)[C@@H]1CO2,6.946921557
926,CHEMBL429132,Cc1ccc2c(-c3nnc(SCCCN4CCc5cc6nc(C(C)(C)C)oc6cc5CC4)n3C)cccc2n1,5.300000202
927,CHEMBL550337_NBI73682,COCCN(C)C1CCN(c2nc3ccccc3n2Cc2ccc(F)cc2)CC1,8.657577319
928,CHEMBL328356,CN(C)CC1C[C@@H]2c3ccccc3N(C)c3ccccc3[C@H]2O1,8.22184875
929,CHEMBL2436555,NC1=Nc2ccc(Cl)cc2CN1,5
930,CHEMBL2031876,C[C@@H]1CCCN1C(=O)c1ccc(-c2ccc3c(c2)CCN(CCN2CCCC2)C3=O)cc1,5
931,CHEMBL3754176,Cc1ccc(CNc2nc3c(c(N4CCN(C)CC4)n2)CCc2ccccc2-3)cc1,5.4700002
932,CHEMBL1222692,O=C(O)C1CCC(N2CCN(C3=Cc4ccccc4Cn4ccnc43)CC2)CC1,7.049989704
933,CHEMBL1643900,Fc1cccc(CCN[C@H]2C3C4CC5C6C4CC3C6C52)c1,5.624153564
934,CHEMBL271729,Cc1ccc2c(-c3nnc(SCCCN4CCc5nc6ccc(C(F)(F)F)cn6c5CC4)n3C)cccc2n1,5.499999679
935,CHEMBL43860,CC1=C(C(=O)NCCCN2CCC(c3ccc(F)cc3)CC2)[C@@H](c2ccc(F)c(F)c2)CC(=O)N1,7.721246399
936,CHEMBL271072,Cc1ccc2c(-c3nnc(SCCCCN4CCc5cc6nc(C)oc6c(Br)c5CC4)n3C)cccc2n1,5.700000504
937,CHEMBL62948,CCOC(=O)N1CCN(CCCOc2ccc(C(=O)C3CC3)cc2)CC1,5.849999245
938,CHEMBL1632411,CN1CCC(/C(=N/O)c2cc3ccccc3[nH]2)CC1,5
939,CHEMBL1935447_NBI92635,COc1ccc(Cn2c([C@H]3CNCCS3)nc3ccccc32)cc1,8.853871964
940,CHEMBL437792,Cc1ncoc1-c1nnc(SCCCN2CCc3ccc4oc(C(C)(F)F)nc4c3CC2)n1C,5.800000875
941,CHEMBL256658,Cc1ccc2nc3c(n2c1)CCN(CCCSc1nnc(-c2cccc4nc(C)ccc24)n1C)CC3,5.499999679
942,CHEMBL239321,O=C(c1ccc(F)cc1F)N1CCN(c2ccc(OC3CCN(C4CCC4)CC3)cc2)C(=O)C1,5.599999383
943,CHEMBL2171049,Cc1ccc(S(=O)(=O)NC(=O)N2CCC(N3CCC(Oc4ccc(Cl)cc4)CC3)CC2)cc1,6.900008766
944,CHEMBL127257,Cc1ccc(N2CCN(Cc3nc4ccccc4[nH]3)CC2)cc1C,5.698970004
945,CHEMBL64608,C[C@@H](CN)C(=O)N1CCN(CCCOc2ccc(C(=O)C3CC3)cc2)CC1,5.820000358
946,CHEMBL256659,Cc1ncoc1-c1nnc(SCCCN2CCc3ccc4nc(C(F)(F)F)oc4c3CC2)n1C,5.499999679
947,CHEMBL240565,CS(=O)(=O)c1cccc(C(=O)N2CCN(c3ccc(OC4CCN(C5CCCC5)CC4)cc3)C(=O)C2)c1,5.599999383
948,CHEMBL2158775,COc1ccccc1C[C@@H](C(=O)O)N1CCC(CN2CCC(Oc3ccc(Cl)c(Cl)c3)CC2)CC1,7.199970641
949,CHEMBL105385,CCOC(=O)N1CCN(CCCOc2ccc(-c3ccc(Cl)cc3)cc2)CC1,6.450004148
950,CHEMBL3806098,N#C/N=C(/NCCCc1ccccc1)NC[C@H]1CC[C@H](c2c[nH]cn2)C1,5
951,CHEMBL1824784,c1ccc(CN2C3CC4CC(C3)CC2C4)cc1,5
952,CHEMBL3358509,O=C(NCCCCN1CCN(c2ccccc2)CC1)c1ccc2ncccc2c1,6.958607315
953,CHEMBL257900,Cc1ccc2c(-c3nnc(SCCN4CCc5cc6nc(C(F)(F)F)oc6c(C)c5CC4)n3C)cccc2n1,5.599999383
954,CHEMBL240141,N#Cc1ccc(C(=O)N2CCN(c3ccc(OCCCN4CCCC4)cc3)C(=O)C2)cc1,5.599999383
955,CHEMBL302196,C[C@@H](N)C(=O)N1CCN(CCCOc2ccc(C(=O)C3CC3)cc2)CC1,4.159999982
956,CHEMBL255620,Cc1ccc2c(-c3nnc(SCCCN4CCc5cc6nc(N(C)C)oc6cc5CC4)n3C)cccc2n1,5.499999679
957,CHEMBL3905009,CN1CCC(Oc2ccccc2Cc2ccc(Cl)cc2)CC1,8.599980365
958,CHEMBL408208,Cc1ccc2c(-c3nnc(SCCN4CCc5cc6nc(C(F)(F)F)oc6c(Br)c5CC4)n3C)cccc2n1,5.599999383
959,CHEMBL270602,Cc1cnc(-c2nnc(SCCCN3CCc4ccc5oc(C(F)(F)F)nc5c4CC3)n2C)cn1,5.800000875
960,CHEMBL3955589,CN(C)CCCOc1ccccc1Cc1ccccc1,8.500038134
961,CHEMBL444307,CCOC(=O)N1CCN(CCCOc2ccc(C(=O)/C=C/c3cccnc3)cc2)CC1,6.36999951
962,CHEMBL3817911,O=C1c2ccccc2C(=O)N1CCCCN1CCC2CCCCC2C1,5.439927113
963,CHEMBL175782,CN1CCC(Cc2c[nH]cn2)CC1,5
964,CHEMBL61396,CCCCCC(=O)c1ccc(OCCCN2CCN(C(=O)c3occc3C)CC2)cc1,6.98001184
965,CHEMBL28651,CSc1ccc(N2CCN(Cc3c[nH]c4ncccc34)CC2)cc1,5
966,CHEMBL316968,CC(=O)c1ccc(OCCCN2CC[C@H](NC(=O)[C@H](CO)NC(=O)OC(C)(C)C)C2)cc1,4.124938737
967,CHEMBL444353,Cn1ccc2c1C(=O)Cn1ccnc1C2=C1CCNCC1,7.920818754
968,CHEMBL3805437,CN/C(=N\C#N)NC[C@@H]1CC[C@@H](c2c[nH]cn2)C1,5
969,CHEMBL1935444_NBI88389,Cc1ccc(Cn2c(C3CNCCS3)nc3ccccc32)cc1,8.303541613
970,CHEMBL556449,Fc1ccc(Cn2c(N3CCC(n4ccnc4)CC3)nc3ccccc32)cc1,8.886056648
971,CHEMBL1093623,COc1ccc2c(c1)CC(CCN(C)C)=C2[C@@H](C)c1nccs1,8.602059991
972,CHEMBL2171043,O=C(NS(=O)(=O)c1cccc(Cl)c1)N1CCC(N2CCC(Oc3ccc(Cl)c(Cl)c3)CC2)CC1,8.100015437
973,CHEMBL104618,O=C(c1ccc(OCCCN2CC[C@H](NS(=O)(=O)c3ccccc3F)C2)cc1)C1CC1,5.026872146
974,CHEMBL2207656,O=C(NC[C@@H](O)CN1CCC(Oc2ccc(Cl)c(Cl)c2)CC1)c1c[nH]c(=O)c2c(F)cccc12,8.599980365
975,CHEMBL570695,Cc1ccc(CCCN2CCC(C(O)(c3ccccc3)c3ccccc3)CC2)cc1,6.809668302
976,CHEMBL2208425,O=C(NC[C@@H](O)CN1CCC(Oc2ccc(Cl)c(Cl)c2)CC1)c1cn2cc(F)ccc2n1,7.799970733
977,CHEMBL1935436,OCCN1CCCC(c2nc3ccccc3n2Cc2ccc(F)cc2)C1,9
978,CHEMBL3818478,O=C1NCN(c2ccccc2)C12CCN(CCCCc1c[nH]c3ccccc13)CC2,6.56192094
979,CHEMBL261551,CN1CCN(c2nc3ccccc3nc2Cc2ccccc2)CC1,6.130000141
980,CHEMBL305660,CC(C)(C)c1ccc(C(=O)CCCN2CCC(OC(c3ccccc3)c3ccccc3)CC2)cc1,8.483200296
981,CHEMBL193435,CN(C)C[C@H]1CC2c3ccccc3Oc3ccc(Br)cc3[C@H]2O1,7.37675071
982,CHEMBL102384,O=C(c1ccc(OCCCN2CC[C@H](NS(=O)(=O)c3ccccc3Cl)C2)cc1)C1CC1,5.346787486
983,CHEMBL3289656,c1cnc(N2CCN(CCCc3nc4ccccc4s3)CC2)nc1,6.138337359
984,CHEMBL60143,CC(C)(C)OC(=O)N[C@H](Cc1ccccc1)C(=O)N1CCN(CCCOc2ccc(C(=O)C3CC3)cc2)CC1,5.2599999
985,CHEMBL4169834,CN1CCN(c2ccccc2CNC(=O)c2ccccc2Cl)CC1,5
986,CHEMBL141343,Cc1c(C)c2c(c(C)c1O)CCC(C)(CN1CCN(c3cc(N4CCCC4)nc(N4CCCC4)n3)CC1)O2,5.764976841
987,CHEMBL1094510,CN1CCCC(c2nc3ccccc3n2CCOc2ccccc2)C1,9.096910013
988,CHEMBL3752576,C=CCN(CC=C)CCc1c[nH]c2ccccc12,6.900008856
989,CHEMBL539843,NC(=O)c1cnc2n1CCc1ccccc1C21CCNCC1,7.721246399
990,CHEMBL479_NBI283966,CSc1ccc2c(c1)N(CCC1CCCCN1C)c1ccccc1S2,8.075100736
991,CHEMBL256473,Cc1ccc2c(-c3nnc(SCCCN4CCc5cc6nc(C(C)(F)F)oc6cc5CC4)n3C)cccc2n1,5.700000504
992,CHEMBL1222554,CC(C)(CN1CCN(C2=Cc3ccccc3Cn3ccnc32)CC1)C(=O)O,7.599980365
993,CHEMBL239300,C[C@H]1CCCN1CCCOc1ccc(N2CCN(C(=O)c3ccc(F)cc3)CC2=O)cc1,5.700000504
994,CHEMBL1090186,COc1ccc2c(c1)CC(CCN(C)C)=C2[C@@H](C)c1nccnc1OC,8.886056648
995,CHEMBL2413153,Cn1c(=O)cnn(CCCCN2CCN(c3ccccc3OCCF)CC2)c1=O,6.290730039
996,CHEMBL3962094,c1ccc(Cc2ccccc2OCCN2CCC2)cc1,8.199970641
997,CHEMBL4175018,Cc1oc(-c2ccco2)nc1CN1CCN([C@@H]2CCc3ccccc3C2)CC1,6.903089987
998,CHEMBL64317,CCCCCC(=O)c1ccc(OCCCN2CCN(C(=O)OCCCC)CC2)cc1,6.239999953
999,CHEMBL62903,CCCCCC(=O)c1ccc(OCCCN2CCN(C(=O)[C@@H](Cc3ccncc3)NC(=O)OC(C)(C)C)CC2)cc1,4.769999911
1000,CHEMBL3357049,CC(C)C[C@@H](N)C(=O)N1CCC(=C2c3ccc(Cl)cc3CCc3cccnc32)CC1,5.332827328
1001,CHEMBL63112,CCCCCC(=O)c1ccc(OCCCN2CCN(C(=O)[C@H](CC(C)C)NC(=O)OC(C)(C)C)CC2)cc1,5.089999741
1002,CHEMBL4159188,Cc1ccc(-c2cc(C(=O)NCCCCN3CCOCC3)n[nH]2)s1,5
1003,CHEMBL2208433,CN(C[C@@H](O)CN1CCC(Oc2ccc(Cl)c(Cl)c2)CC1)C(=O)c1c[nH]c(=O)c2ccccc12,8.400007822
1004,CHEMBL90997,Fc1ccc2c(c1)CC(CC1CN=CN1)C2,6
1005,CHEMBL1910382,COc1ccc(CN(CCN(C)CCN2CCN(C(=O)c3cc4cc(Cl)ccc4[nH]3)CC2)c2ccccn2)cc1,7
1006,CHEMBL2171024,O=C(O)c1cccc(C(=O)N2CCC(N3CCC(Oc4ccc(Cl)c(Cl)c4)CC3)CC2)c1,6.900008766
1007,CHEMBL270376,Cc1nc(C)c(-c2nnc(SCCCN3CCc4ccc5oc(C(F)(F)F)nc5c4CC3)n2C)s1,6
1008,CHEMBL2158791,Cc1cc(Cl)ccc1OC1CCN(CC2CCN([C@@](C)(Cc3ccc(F)cc3)C(=O)O)CC2)CC1,6.799998135
1009,CHEMBL2158814,Cc1ccc(S(=O)(=O)NC(=O)N2CCC(N3CCC(Oc4ccc(Cl)c(Cl)c4)CC3)CC2)cc1,7.500038134
1010,CHEMBL1935433_NBI88127,O=C(CN1CCCC(c2nc3ccccc3n2Cc2ccc(F)cc2)C1)N1CCCCC1,8.30980392
1011,CHEMBL2432051,COc1cc(CN[C@H]2C3C4CC5C6C4CC3C6C52)cc(OC)c1OC,5.254222782
1012,CHEMBL517244,CN(CCCC12CCC(c3ccccc31)c1ccccc12)Cc1ccc(OCCCN2CCCCC2)cc1,7.397940009
1013,CHEMBL1201203,CN1[C@H]2CC[C@@H]1C[C@H](OC(c1ccccc1)c1ccccc1)C2,9.431798276
1014,CHEMBL64259,CCCCCC(=O)c1ccc(OCCCN2CCN(C(=O)OC(C)C)CC2)cc1,6.509999358
1015,CHEMBL62312,CCCCCC(=O)c1ccc(OCCCN2CCN(C(=O)c3ccco3)CC2)cc1,6.399996913
1016,CHEMBL515472,COc1c(OCCF)cccc1[C@H](O)C1CCN(CCc2ccc(F)cc2)CC1,6.293282218
1017,CHEMBL272694,Cc1ccc2c(-c3nnc(SCCCN4CCc5cc6nc(C)oc6c(C)c5CC4)n3C)cccc2n1,5.700000504
1018,CHEMBL1935439,CN(C)C(=O)CN1CCCC(c2nc3ccccc3n2CCOc2ccccc2)C1,8.117128479
1019,CHEMBL398996,CS(=O)(=O)c1ccc(C(=O)N2CCN(c3ccc(OC4CCN(C5CCC5)CC4)cc3)C(=O)C2)cc1,5.599999383
1020,CHEMBL1222625,C=C(CN1CCN(C2=Cc3ccccc3Cn3ccnc32)CC1)C(=O)O,7.500038134
1021,CHEMBL2208420,N#Cc1cccc(OCCCN2CCC(Oc3ccc(Cl)c(Cl)c3)CC2)c1,7.89997427
1022,CHEMBL1910379,COc1ccc(CN(CCN2CCN(C(=O)c3cc4cc(Cl)ccc4[nH]3)CC2)c2ccccn2)cc1,6.109998387
1023,CHEMBL2158787,C[C@](Cc1ccc(F)cc1)(C(=O)O)N1CCC(CN2CCC(Oc3ccc(Cl)c(Cl)c3)CC2)CC1,7.100015437
1024,CHEMBL64406,C[C@@H](NC(=O)OC(C)(C)C)C(=O)N1CCN(CCCOc2ccc(C(=O)C3CC3)cc2)CC1,5.089999741
1025,CHEMBL3978642,O=C1c2ccccc2CC1CCN1CCc2ccccc2C1,7.609884562
1026,CHEMBL1277035,O=C(O)C=C1CN(C2CCC3(Cc4ccccc4Cc4ccccc43)C2)C1,6.699991797
1027,CHEMBL2171039,O=C(NS(=O)(=O)c1ccccc1Cl)N1CCC(N2CCC(Oc3ccc(Cl)c(Cl)c3)CC2)CC1,7.299988938
1028,CHEMBL187264,NC(=O)N(O)CCC#Cc1ccc(OCCCN2CCN([C@H](c3ccccc3)c3ccc(Cl)cc3)CC2)cc1,8.045757491
1029,CHEMBL104,Clc1ccccc1C(c1ccccc1)(c1ccccc1)n1ccnc1,5.466482138
1030,CHEMBL1222626,O=C(O)C1CC(N2CCN(C3=Cc4ccccc4Cn4ccnc43)CC2)C1,7.749977317
1031,CHEMBL4166411,CN1CCN(CCCNC(=O)c2cc(=O)c3ccccc3[nH]2)CC1,5
1032,CHEMBL425358,NC(=O)N(O)CCC#Cc1ccc(OCCN2CCN([C@H](c3ccccc3)c3ccc(Cl)cc3)CC2)cc1,6.515700161
1033,CHEMBL272545,CCc1nc2cc3c(cc2o1)CCN(CCCSc1nnc(-c2cccc4nc(C)ccc24)n1C)CC3,5.899998417
1034,CHEMBL294502,CCCCCC(=O)c1ccc(OCCCN2CCN(C(=O)CC)CC2)cc1,5.720000164
1035,CHEMBL239099,N#Cc1ccc(C(=O)N2CCN(c3ccc(OC4CCN(C5CCC5)CC4)cc3)C(=O)C2)cc1,5.599999383
1036,CHEMBL239299,C[C@@H]1CCCN1CCCOc1ccc(N2CCN(C(=O)c3ccc(F)cc3F)CC2=O)cc1,5.599999383
1037,CHEMBL1935441,Cc1ccc(Cn2c([C@H]3CNCCO3)nc3ccccc32)cc1,9
1038,CHEMBL418658,CCCCCC(=O)c1ccc(OCCCN2CCN(C(=O)c3cccnc3)CC2)cc1,6.139997578
1039,CHEMBL1277312,O=C(O)C1CN(C2CCC3(Cc4ccccc4Oc4ccccc43)C2)C1,7.299988938
1040,CHEMBL1201353_NBI70961,CN(C)CC[C@@H](c1ccc(Cl)cc1)c1ccccn1,9.13667714
1041,CHEMBL66388,c1ccc2c(NCCCN3CCCC3)c3c(nc2c1)CCCCC3,5.388807939
1042,CHEMBL3818989,O=C(CCCN1CCc2ccccc2C1)c1ccccc1,7.183730864
1043,CHEMBL4171581,Cc1ccc(-c2nc(CN(C)C[C@@H]3Cc4ccccc4O3)c(C)o2)s1,5
1044,CHEMBL1767139,CCOc1ccc(Cc2nn(C[C@H]3CCCN3C)c(=O)c3ccccc23)cc1,8.299988938
1045,CHEMBL3321788,OC1(c2ccc(Cl)cc2)CC2CCC(C1)N2CCCCc1ccc(F)cc1,5.764724123
1046,CHEMBL238456,CC(C)N1CCC(Oc2ccc(N3CCN(C(=O)c4ccc(C#N)cc4)CC3=O)cc2)CC1,5.499999679
1047,CHEMBL2146804,CN1CCC[C@@H]1Cn1nc(Cc2ccc(Cl)cc2)c2ccncc2c1=O,9.160019442
1048,CHEMBL17157,CC(C)(C)c1ccc(C(O)CCCN2CCC(C(O)(c3ccccc3)c3ccccc3)CC2)cc1,7.740571862
1049,CHEMBL271034,Cc1ccc2c(-c3nnc(SCCCN4CCc5ccc6oc(C(F)(F)C(F)(F)F)nc6c5CC4)n3C)cccc2n1,5.700000504
1050,CHEMBL12713,O=C1NCCN1CCN1CCC(c2cn(-c3ccc(F)cc3)c3ccc(Cl)cc23)CC1,7.768277484
1051,CHEMBL1277855,O=C(O)C1=CCCN(C2CCC3(Cc4cc(F)ccc4Cc4ccccc43)C2)C1,7.400007822
1052,CHEMBL288768,CC1=C(C(=O)NCCCN2CCC(C#N)(c3ccc(F)cc3)CC2)[C@@H](c2ccc(F)c(F)c2)CC(=O)N1,7.200659451
1053,CHEMBL855_NBI283840,Cc1ccc(/C(=C\CN2CCCC2)c2ccccn2)cc1,8.795880017
1054,CHEMBL392354,O=C(c1ccc(F)cc1F)N1CCN(c2ccc(OC3CCN(C4CCCC4)CC3)cc2)C(=O)C1,5.599999383
1055,CHEMBL328114,COc1cc2c(cc1OC)C1=NO[C@@H](CN3CCN(C/C=C/c4ccccc4)CC3)[C@@H]1CO2,6
1056,CHEMBL4175327,Cc1oc(-c2cccc(F)c2F)nc1CN(C)C[C@@H]1Cc2ccccc2O1,5
1057,CHEMBL534737,O=C(C1CC1)N1CCN(c2ccc(OCCCN3CCCCC3)cc2)C(=O)C1,5.599999383
1058,CHEMBL3943575,c1ccc(Cc2ccccc2OCCN2CCCCCC2)cc1,7.199970641
1059,CHEMBL549_NBI77416,CN(C)CCCC1(c2ccc(F)cc2)OCc2cc(C#N)ccc21,6.43062609
1060,CHEMBL540982_NBI73351,CN(C)CCc1sc2ccccc2c1Cc1ccc(F)cc1,7.958607315
1061,CHEMBL62804,C[C@H](N)C(=O)N1CCN(CCCOc2ccc(C(=O)C3CC3)cc2)CC1,4.269999997
1062,CHEMBL2171046,Cc1ccc(S(=O)(=O)NC(=O)N2CCC(N3CCC(Oc4ccc(Cl)cc4Cl)CC3)CC2)cc1,7.799970733
1063,CHEMBL3908870,CC1(C)CC(=O)N(CCCCN2Cc3ccccc3C2)C(=O)C1,5.411312995
1064,CHEMBL555146,C[C@@H]1CCCN1CCc1cc2cc(C(=O)c3ccc(F)cc3)ccc2o1,5.2644011
1065,CHEMBL2207280,O=C(NC[C@@H](O)CN1CCC(Oc2ccc(Cl)c(Cl)c2)CC1)c1c[nH]c(=O)c2ccc(F)cc12,8.199970641
1066,CHEMBL303824,CN1CCCC1CCNc1c2c(nc3ccccc13)CCCCC2,6
1067,CHEMBL430502,CC(=O)c1ccc(OCCCN2CC[C@H](NC(=O)c3ccc(C#N)cc3)C2)cc1,4.886056648
1068,CHEMBL291394,CCCCCC(=O)c1ccc(OCCCN2CCN(C(=O)c3ccncc3)CC2)cc1,6.320000084
1069,CHEMBL2158771,N#Cc1ccc(C[C@@H](C(=O)O)N2CCC(CN3CCC(Oc4ccc(Cl)c(Cl)c4)CC3)CC2)cc1,7.799970733
1070,CHEMBL106602,CCOC(=O)N1CCN(CCCOc2ccc(-c3cccs3)cc2)CC1,6.350003493
1071,CHEMBL536991,Cc1ccc(C(=O)N2CCN(c3ccc(OCCCN4CCCCC4)cc3)C(=O)C2)cc1,5.700000504
1072,CHEMBL434684,CC(C1=C(CN(C)C)Cc2ccccc21)c1ccccn1,7.540004744
1073,CHEMBL2171044,N#Cc1cccc(S(=O)(=O)NC(=O)N2CCC(N3CCC(Oc4ccc(Cl)c(Cl)c4)CC3)CC2)c1,7.7000571
1074,CHEMBL1277585,O=C(O)CC1CCN(C2CCC3(Cc4ccccc4Cc4ccccc43)C2)CC1,7.599980365
1075,CHEMBL557210,CN(CCO)C1CCN(c2nc3ccccc3n2Cc2ccc(F)cc2)CC1,8.494850022
1076,CHEMBL256472,COCc1nc2cc3c(cc2o1)CCN(CCCSc1nnc(-c2cccc4nc(C)ccc24)n1C)CC3,5.499999679
1077,CHEMBL1277126,O=C(O)C1=CCN(C2CCC3(Cc4ccccc4Oc4ccccc43)C2)CC1,7.299988938
1078,CHEMBL3819427,NC(=O)c1ccc(C(=O)CCCN2CCc3ccccc3C2)cc1,5.822788451
1079,CHEMBL1783890,CNC(=O)c1cnc(Oc2ccc3c(c2)CCN(C2CCC2)CC3)cn1,5.800000875
1080,CHEMBL62840,CCOC(=O)N1CCN(CCCOc2ccc(C(C)=O)cc2)CC1,5.650000221
1081,CHEMBL1090198_NBI79094,CN(C)CCC1=C(Cc2ncccn2)c2ccccc2C1,7.823908741
1082,CHEMBL321320,O=C(c1ccc(OCCCN2CC[C@H](NS(=O)(=O)c3cccc(Cl)c3)C2)cc1)C1CC1,5.443697499
1083,CHEMBL105515,CC1CCCC(C)N1CCCOc1ccc(-c2ccc(C#N)cc2)cc1,5.400000186
1084,CHEMBL271097,Cc1ccc2c(-c3nnc(SCCCCN4CCc5cc6nc(C(F)(F)F)oc6c(C)c5CC4)n3C)cccc2n1,5.599999383
1085,CHEMBL551340_NBI79246,CN(C)CCc1sc2ccccc2c1Cc1cnccn1,7.124938737
1086,CHEMBL60559,N[C@H](Cc1ccsc1)C(=O)N1CCN(CCCOc2ccc(C(=O)C3CC3)cc2)CC1,5.010000098
1087,CHEMBL490632,COc1c(OCCF)cccc1C(=O)C1CCN(CCc2ccc(C)cc2)CC1,6.177178355
1088,CHEMBL238503,O=C(c1ccncc1)N1CCN(c2ccc(OCCCN3CCCCC3)cc2)C(=O)C1,5.599999383
1089,CHEMBL1082036,CCOc1cc(CN2CCC(Nc3nc4cc(S(=O)(=O)CC)ccc4o3)CC2)cc(OC2CCOCC2)c1,4.415668776
1090,CHEMBL2031877,C[C@H]1CCCN1C(=O)c1ccc(-c2ccc3c(c2)CCN(CCN2CCCC2)C3=O)cc1,5.154281982
1091,CHEMBL2112371,CNC[C@@H]1C[C@H]2c3ccccc3Cc3ccccc3[C@@H]2O1,8.455931956
1092,CHEMBL449040,CCCCCCCC(=O)c1ccc(OCCCN2CCN(C(=O)OCC)CC2)cc1,6.250001023
1093,CHEMBL239081,C[C@@H]1CCCN1CCCOc1ccc(N2CCN(C(=O)c3cc(F)cc(F)c3)CC2=O)cc1,5.599999383
1094,CHEMBL96429,c1ccc2c(c1)Cc1ccccc1[C@H]1CC(CN3CCOCC3)O[C@H]21,8.627087997
1095,CHEMBL2146808,COCCN1CCC[C@@H]1Cn1nc(Cc2ccc(Cl)cc2)c2cccnc2c1=O,9
1096,CHEMBL219916,O=c1[nH]c2ccccc2n1CCCN1CCC(n2c(=O)[nH]c3cc(Cl)ccc32)CC1,6.806875402
1097,CHEMBL2207655,CC1(O)CN(S(=O)(=O)c2ccc3c(C(=O)NC[C@@H](O)CN4CCC(Oc5ccc(Cl)c(Cl)c5)CC4)c[nH]c(=O)c3c2)C1,7.599980365
1098,CHEMBL4169752,c1ccc(CN2CCc3cc(N4CCOCC4)ccc3C2)cc1,5.759700418
1099,CHEMBL516_NBI284077,CN1CCC(=C2c3ccccc3C=Cc3ccccc32)CC1,9.366531544
1100,CHEMBL1923729,C[C@@H]1CCCN1CCCOc1ccc(-c2ccc(=O)n(C)c2)cc1,5
1101,CHEMBL62050,CN[C@H](Cc1ccccc1)C(=O)N1CCN(CCCOc2ccc(C(=O)C3CC3)cc2)CC1,4.869999962
1102,CHEMBL3906929,CN1CCC(Oc2ccccc2Cc2ccccc2)CC1,8.7000571
1103,CHEMBL263881,CCN(CC)C(=O)[C@@H]1C=C2c3cccc4[nH]cc(c34)C[C@H]2N(C)C1,5.812479279
1104,CHEMBL92337,OCCN1CCN(CC2C[C@@H]3c4ccccc4Cc4ccccc4[C@H]3O2)CC1,8.431798276
1105,CHEMBL237087,C(#Cc1cccc(CN2CCOCC2)c1)CCN1CCCCC1,5
1106,CHEMBL4165273,CCN(CCc1ccccn1)Cc1csc(C2CCCC2)n1,5
1107,CHEMBL1946257,O=C(CCCCN1CCCN(c2ccc(Cl)cc2)CC1)c1nc2ccccc2s1,6.88941029
1108,CHEMBL71_NBI33080,CN(C)CCCN1c2ccccc2Sc2ccc(Cl)cc21,8.540010122
1109,CHEMBL179590,CCOC(=O)N(O)CCC#Cc1ccc(OCCCCN2CCN(C(c3ccc(F)cc3)c3ccc(F)cc3)CC2)cc1,8.229884705
1110,CHEMBL1767158,CN1CCCCC(n2nc(Cc3ccc(Cl)cc3)c3ccccc3c2=O)C1,8.599980365
1111,CHEMBL62803,CCCCCC(=O)c1ccc(OCCCN2CCN(C(=O)OCC)CC2)cc1,6.560004526
1112,CHEMBL270853,Cc1ccc2c(-c3nnc(SCCCCN4CCc5cc6c(cc5CC4)C(=O)N(C)C6)n3C)cccc2n1,5.599999383
1113,CHEMBL2431120,COc1cc2nc(C3CC3)nc(N3CCN(c4ccccc4OC)CC3)c2cc1OC,5.847711656
1114,CHEMBL1276860,O=C(O)[C@@H]1[C@H]2CN(C3CCC4(Cc5ccccc5Cc5ccccc54)C3)C[C@H]21,7.400007822
1115,CHEMBL256442,CCc1nc2ccc3c(c2s1)CCN(CCCSc1nnc(-c2cccc4nc(C)ccc24)n1C)CC3,6.399996913
1116,CHEMBL446885,CCOC(=O)N1CCN(CCCOc2ccc(-c3ccc(OC(F)(F)F)cc3)cc2)CC1,6.359995853
1117,CHEMBL434001,OCCN1CCN(c2ncnc3c2oc2ccccc23)CC1,5.269999835
1118,CHEMBL236610,CCOc1cc(CN2CCC(Nc3nc4ccccc4o3)CC2)ccc1Cl,6.575118363
1119,CHEMBL3104093,CN1CCc2c(c3cccc4c3n2CCc2ccccc2-4)C1,5
1120,CHEMBL517140,CNC(=O)c1ccc(Oc2ccc3c(c2)CCN(C2CCC2)CC3)nc1,5.599999383
1121,CHEMBL102840,CC(=O)c1ccc(OCCCN2CC[C@H](NS(=O)(=O)c3ccc(C#N)cc3)C2)cc1,4.853871964
1122,CHEMBL256477,CCc1nn(C)c2cc3c(cc12)CCN(CCCSc1nnc(-c2cccc4nc(C)ccc24)n1C)CC3,6.199998172
1123,CHEMBL256650,Cc1ccc2c(-c3nnc(SCCN4CCc5cc6nc(C)oc6cc5CC4)n3C)cccc2n1,5.499999679
1124,CHEMBL3975229,c1ccc(Cc2ccccc2OCCCN2CCCCCC2)cc1,7.7000571
1125,CHEMBL3897499,CCCN1CC[C@H]2c3cc4ccc(C(F)(F)F)cc4nc3[C@H](CC)[C@H]3CCC[C@@H]1[C@@H]32,5
1126,CHEMBL1767166,O=c1c2ccccc2c(Cc2ccc(O)cc2)nn1C[C@H]1CCCN1CCCCc1ccc(OCCCN2CCCCCC2)cc1,7.89997427
1127,CHEMBL1617548,C=CCn1c(=N)n(CC(=O)c2ccccc2)c2ccccc21,4.970000124
1128,CHEMBL539093,CC(C)N1CCC(Oc2ccc(N3CCN(C(=O)c4ccc(Cl)cc4)CC3=O)cc2)CC1,5.499999679
1129,CHEMBL62115,CCCCCC(=O)c1ccc(OCCCN2CCN(C(=O)c3cnccn3)CC2)cc1,5.689999563
1130,CHEMBL1767135,CN(C)CCCn1nc(Cc2ccc(Cl)cc2)c2ccccc2c1=O,8
1131,CHEMBL273165,Cc1ccc2c(-c3nnc(SCCC(C)N4CCc5cc6nc(C)oc6c(Br)c5CC4)n3C)cccc2n1,6
1132,CHEMBL408868,COc1cc(Cl)ccc1O[C@H](c1ccccc1)[C@H]1CNCCO1,7.585026652
1133,CHEMBL481153,O=C(OCCN1CCCC1)N1c2ccccc2Sc2ccccc21,7.537602002
1134,CHEMBL908,CN(C)CC/C=C1/c2ccccc2Sc2ccc(Cl)cc21,8.425968732
1135,CHEMBL563451,Cc1ccc(Cn2c(N3CCC(N(C)C)CC3)nc3ccccc32)cc1,8.823908741
1136,CHEMBL3740846,Cc1nnc2c(N3CCN(C)CC3)nc3ccccc3n12,5
1137,CHEMBL61792,N[C@H](Cc1c[nH]cn1)C(=O)N1CCN(CCCOc2ccc(C(=O)C3CC3)cc2)CC1,4.019999994
1138,CHEMBL2158789,Cc1c(OC2CCN(CC3CCN([C@@](C)(Cc4ccccc4)C(=O)O)CC3)CC2)ccc(Cl)c1Cl,6.699991797
1139,CHEMBL64461,O=C(c1ccc(OCCCN2CCN(C(=O)[C@H]3CCCN3)CC2)cc1)C1CC1,4.430000034
1140,CHEMBL1767151,CN1CCC[C@@H]1Cn1nc(CC2CCCCC2)c2ccccc2c1=O,7.100015437
1141,CHEMBL330713,CN(C)CC1C[C@H]2c3ccccc3Oc3ccccc3[C@H]2O1,7.4867824
1142,CHEMBL558933,CN(C1CCCCC1)C1CCN(c2nc3ccccc3n2Cc2ccc(F)cc2)CC1,8.552841969
1143,CHEMBL2207283,Cc1c(Cl)ccc(OC2CCN(C[C@H](O)CNC(=O)c3c[nH]c(=O)c4ccc(S(C)(=O)=O)cc34)CC2)c1Cl,7.199970641
1144,CHEMBL196370,COc1ccc(NC(=O)N2CCN(c3ccccc3OC)CC2)cc1N1CCN(C)CC1,5
1145,CHEMBL64884,CCCCCC(=O)c1ccc(OCCCN2CCN(C(=O)c3cccn3C)CC2)cc1,7.250031916
1146,CHEMBL270852,Cc1ccc2c(-c3nnc(SCCCCN4CCc5cc6c(cc5CC4)C(=O)N(C(C)C)C6)n3C)cccc2n1,5.599999383
1147,CHEMBL96158,CN(C)CC1C[C@@H]2c3ccccc3Oc3ccccc3[C@H]2O1,7.853871964
1148,CHEMBL556450_NBI86526,Cc1cnn(C2CCN(c3nc4ccccc4n3Cc3ccc(F)cc3)CC2)c1,8.161150909
1149,CHEMBL257716,Cc1ccc2c(-c3nnc(SCCCN4CCc5nc6ccc(Cl)cn6c5CC4)n3C)cccc2n1,6
1150,CHEMBL2208427,COc1cc(C(=O)NC[C@@H](O)CN2CCC(Oc3ccc(Cl)c(Cl)c3)CC2)ccc1N,7.199970641
1151,CHEMBL1923525,CN(C)CCSc1nc2ccccc2c2nnnn12,6.149997414
1152,CHEMBL318659,CN1CCN(CC2C[C@@H]3c4ccccc4Cc4ccccc4[C@H]3O2)CC1,8.522878745
1153,CHEMBL1092598_NBI77490,C[C@H](C1=C(CCN(C)C)Cc2ccccc21)c1nccs1,9.096910013
1154,CHEMBL329685,CNCC1C[C@@H]2c3ccccc3Cc3ccccc3[C@H]2O1,8.031517051
1155,CHEMBL1632414,CN1CCC(/C(=N/O)c2nc3cc(Cl)ccc3[nH]2)CC1,6
1156,CHEMBL2178580,Cc1ccc(C(=O)N2CCC(=CC(=O)N[C@@H]3CCN(Cc4ccc5cc(F)ccc5c4)C3)CC2)nn1,7.327902142
1157,CHEMBL272300,Cc1ccc2c(-c3nnc(SCCC(C)N4CCc5cc6c(cc5CC4)C(=O)N(C)C6)n3C)cccc2n1,5.599999383
1158,CHEMBL2158829,O=C(O)COc1cccc(N2CCC(CN3CCC(Oc4ccc(Cl)c(Cl)c4)CC3)CC2)c1,8.299988938
1159,CHEMBL255806,Cc1ccc2c(-c3nnc(SCCCN4CCc5cc6nc(C)oc6c(Br)c5CC4)n3C)cccc2n1,5.899998417
1160,CHEMBL4160967,Cc1oc(-c2ccc3ccccc3c2)nc1CN1CCO[C@H](CCN)C1,5.729088361
1161,CHEMBL255618,Cc1ccc2c(-c3nnc(SCCC(C)N4CCc5cc6nc(C(F)(F)F)oc6c(Br)c5CC4)n3C)cccc2n1,6.299997603
1162,CHEMBL2146811,COCCN1CCC[C@@H]1Cn1nc(Cc2ccc(Cl)cc2)c2ncccc2c1=O,9.270025714
1163,CHEMBL3321791,OC1(c2ccc(Cl)cc2)CC2CCC(C1)N2CCCSc1cccc(F)c1,5.91829273
1164,CHEMBL3898250,O=C1c2ccc(Cl)cc2CC1CCN1CCc2ccccc2C1,6.25863778
1165,CHEMBL2171016,Cc1c(Cl)ccc(OC2CCN(C3CCN(S(=O)(=O)NC(=O)c4ccccc4)CC3)CC2)c1Cl,7.599980365
1166,CHEMBL1222762,CC(C)(CN1CCN(C2=Cc3ccccc3Cn3c(Cl)cnc32)CC1)C(=O)O,7.400007822
1167,CHEMBL1278115,O=C(O)CCNC1CC[C@@]2(Cc3ccccc3Cc3ccccc32)C1,7.599980365
1168,CHEMBL137781,C[C@H]1C[C@@H](C)N1C(=O)[C@@H]1C=C2c3cccc4[nH]cc(c34)CC2N(C)C1,6.301029996
1169,CHEMBL1915534,CC(C)(C)CCNc1cc(N[C@H]2CCNC2)ncn1,4.397940009
1170,CHEMBL64479,CCCCCC(=O)c1ccc(OCCCN2CCN(C(=O)CCC)CC2)cc1,6.06000179
1171,CHEMBL571391,Cc1ccc(CCN2CCC(C(O)(c3ccccc3)c3ccccc3)CC2)cc1,7.193820026
1172,CHEMBL2207282,NS(=O)(=O)c1ccc2c(C(=O)NC[C@@H](O)CN3CCC(Oc4ccc(Cl)c(Cl)c4)CC3)c[nH]c(=O)c2c1,7.7000571
1173,CHEMBL2158785,Cc1c(OC2CCN(CC3CCN([C@@H](Cc4ccc(F)cc4)C(=O)O)CC3)CC2)ccc(C#N)c1Cl,6.299997603
1174,CHEMBL1909072,NC(=O)C1CCN(CCCN2c3ccccc3Sc3ccc(Cl)cc32)CC1,8.937794191
1175,CHEMBL1643901,CN(Cc1cccc(F)c1)[C@H]1C2C3CC4C5C3CC2C5C41,5
1176,CHEMBL62527,CCCCCC(=O)c1ccc(OCCCN2CCN(C(=O)C(C)C)CC2)cc1,5.400000186
1177,CHEMBL1090528,Cc1ccc2c(c1)CC(CCN(C)C)=C2[C@@H](C)c1nccs1,8.657577319
1178,CHEMBL259765,COc1cc(F)ccc1O[C@H](c1ccccc1)[C@H]1CNCCO1,8
1179,CHEMBL1092652_NBI79305,CN(C)CCC1=C(Cc2cccnn2)c2ccc(Cl)cc2C1,8.677780705
1180,CHEMBL1824785,Fc1cccc(CN2C3CC4CC(C3)CC2C4)c1,5
1181,CHEMBL4176490,Clc1cncc(NCCCN2CCN(c3ccccc3)CC2)n1,7.397940009
1182,CHEMBL74779,NC(=O)N(O)CCC#C[C@@H]1CC[C@@H](CN2CCN(C(c3ccc(F)cc3)c3ccc(F)cc3)CC2)O1,6.180456064
1183,CHEMBL73135,NC(=O)N(O)CCC#Cc1ccc(CN2CCN([C@H](c3ccccc3)c3ccc(Cl)cc3)CC2)o1,6.823908741
1184,CHEMBL282829,CCc1ccc(N2CCN(Cc3c[nH]c4ncccc34)CC2)cc1,5
1185,CHEMBL3804837,N#C/N=C(\NC[C@H]1CC[C@H](c2c[nH]cn2)C1)NC1CC1,5
1186,CHEMBL1940420,Fc1ccc(OCCCN2CCN(c3ccccn3)CC2)cc1,6.581698709
1187,CHEMBL402215,Cc1ncoc1-c1nnc(SCCCN2CCc3ccc4oc(C(F)(F)C(F)(F)F)nc4c3CC2)n1C,5.700000504
1188,CHEMBL272702,CC(=O)N1CCOc2cc3c(cc21)CCN(CCCSc1nnc(-c2cccc4nc(C)ccc24)n1C)CC3,6
1189,CHEMBL1910386,O=C(c1cc2ccccc2[nH]1)N1CCN(CCN2CCC(Nc3nc4ccccc4n3Cc3ccc(F)cc3)CC2)CC1,8.260032303
1190,CHEMBL210578,O=C(CCCN1C2CCC1CC(O)(c1ccc(Cl)cc1)C2)c1ccc(F)cc1,5.056505484
1191,CHEMBL3238445,Cc1nnc(-c2cccnc2)n1-c1ccc(OCCCN2CCCCC2)cc1,4.979999813
1192,CHEMBL255417,CCc1nc2cc3c(c(Br)c2o1)CCN(C(C)CCSc1nnc(-c2cccc4nc(C)ccc24)n1C)CC3,5.599999383
1193,CHEMBL3094214,c1ccc(N2CCc3ccc(OCCCN4CCCCC4)cc3CC2)cc1,6
1194,CHEMBL549599_NBI69837,CNC1CCN(c2nc3ccccc3n2Cc2ccc(F)cc2)CC1,8.619788758
1195,CHEMBL1767146,CN1CCC[C@@H]1Cn1nc(Cc2cccc(Cl)c2)c2ccccc2c1=O,8.799970733
1196,CHEMBL2171014,Cc1c(Cl)ccc(OC2CCN(C3CCN(C(=O)NS(=O)(=O)c4ccc(N(C)C)cc4)CC3)CC2)c1Cl,7.7000571
1197,CHEMBL1767154,CN1CCC[C@H]1Cn1nc(Cc2ccc(Cl)cc2)c2ccccc2c1=O,9.500038134
1198,CHEMBL28997,Fc1ccc(N2CCN(Cc3c[nH]c4ncccc34)CC2)cc1,5
1199,CHEMBL291821,CCC[C@@H](N)C(=O)N1CCN(CCCOc2ccc(C(=O)C3CC3)cc2)CC1,4.330000038
1200,CHEMBL3970994,C1=C(CCN2CCc3ccccc3C2)CCc2ccccc21,5.841271581
1201,CHEMBL2158834,O=C(O)c1cccnc1N1CCC(CN2CCC(Oc3ccc(Cl)c(Cl)c3)CC2)CC1,8
1202,CHEMBL196598,COc1ccc(NC(=O)N2CCN(c3ccc(C(F)(F)F)cc3)CC2)cc1N1CCN(C)CC1,5
1203,CHEMBL1278116,CN(C)C1CC[C@]2(Cc3ccccc3Cc3ccccc32)C1,8.400007822
1204,CHEMBL196169,COc1ccc(NC(=O)N2CCN(c3ccccc3F)CC2)cc1N1CCN(C)CC1,5
1205,CHEMBL423666,O=C1C[C@H](N2CCN(CCCOc3ccc(C(=O)C4CC4)cc3)CC2)N1,4.659999925
1206,CHEMBL395110,CN1CCCC(CN2c3ccccc3Sc3ccccc32)C1,8.505011026
1207,CHEMBL476935,O=C(CCCN1CCN(c2ccc(Cl)cc2)CC1)c1ccc(F)cc1,6.802443787
1208,CHEMBL4173095,C=C(C)CN1CCN(c2ccc3c(c2)CN(C(=O)OCc2ccccc2)CC3)CC1,6.060980224
1209,CHEMBL3805178,N#C/N=C(/NCCNc1ccccc1)NC[C@@H]1CC[C@H](c2c[nH]cn2)C1,5
1210,CHEMBL257536,Cc1ncoc1-c1nnc(SCCCN2CCc3cc4c(cc3CC2)OCC(=O)N4)n1C,5.700000504
1211,CHEMBL427836,CCc1nc2c3c(ccc2o1)CCN(CCCSc1nnc(-c2ocnc2C)n1C)CC3,5.499999679
1212,CHEMBL2158776,COc1ccc(C[C@@H](C(=O)O)N2CCC(CN3CCC(Oc4ccc(Cl)c(Cl)c4)CC3)CC2)cc1,7.199970641
1213,CHEMBL307609,NC(=O)N(O)Cc1ccc(CN2CCN([C@H](c3ccccc3)c3ccc(Cl)cc3)CC2)o1,8.397940009
1214,CHEMBL3899099,Clc1cccc2c1CN(CCCCc1nc3ccccc3s1)CC2,6.531566869
