ID,Smiles,YSI,YSI_err,Source
1,CC(CC(C)(C)C)CC(C)(C)CC(C)(C)C,128,6.4,Pfefferle
2,C=COCC1CCC(COC=C)CC1,130.5,6.5,Pfefferle
3,CCCCCCCC1CCC(=O)O1,58.2,2.9,Pfefferle
4,CCCCCCCCCC(=O)OCC,58,2.9,Pfefferle
5,CCCCCCCCCC(=O)OCCCC,82.6,4.1,Pfefferle
6,CC(C)CCCC1CCC2CCCC2C1,155.4,7.8,Pfefferle
7,CCC1CCC(CCCC(C)C)CC1,130.7,6.5,Pfefferle
8,CC(C)CCCC1CCC(C)C(C)C1,157.9,7.9,Pfefferle
9,CCCCC1(CCCC)CCO1,74.7,3.7,Pfefferle
10,CCCCCCC1CCO1,52.7,2.6,Pfefferle
11,CCCCCCCCC1CCO1,67.1,3.4,Pfefferle
12,CCCCCCCCCC1(C)CCO1,90.2,4.5,Pfefferle
13,CCCCC1(CCCC)COC1,89.3,4.5,Pfefferle
14,CCCCCCCCCCC1CCO1,78.9,3.9,Pfefferle
15,CCCCCCC1(CC)CCO1,73.2,3.7,Pfefferle
16,CCCCCC1(CCC)CCO1,87.5,4.4,Pfefferle
17,CCCCOC(C)C(=O)OC,26.3,1.3,Pfefferle
18,CCCCCCOC(C)C(=O)OC,41.6,2.1,Pfefferle
19,CC(C)COC(=O)C(C)OCC(C)C,68.1,3.4,Pfefferle
20,CC(C)CCOC(=O)C(C)OCCC(C)C,74.5,3.7,Pfefferle
21,CCCCCCCCOC(C)C(=O)OCC,51.7,2.6,Pfefferle
22,COC(=O)C(C)OCC1CC1,43.5,2.2,Pfefferle
23,CCOC(=O)CC(OCC)OCC,27.4,1.4,Pfefferle
24,CC(C)CCOCCCC(=O)OCCC(C)C,81.7,4.1,Pfefferle
25,CC(C)CCOCC(=O)OCCC(C)C,70.6,3.5,Pfefferle
26,CCCCCCCCCCCCCCCC,88.25786508,4.412893254,Pfefferle
27,CCCCCCCCCCCCCCC,84.11564162,4.205782081,Pfefferle
28,CCCCCCCCCCCCCC,78.43050339,3.92152517,Pfefferle
29,CCCCCCCCCCCCC,72.51296673,3.625648337,Pfefferle
30,CCCCCCCCCCCC,67.05521295,3.352760648,Pfefferle
31,CCCCCCCCCCC,60.0889102,3.00444551,Pfefferle
32,CCCCCCCCCC,54.00615122,2.700307561,Pfefferle
33,CC(C)(C)c1ccco1,107.5,,Pfefferle
34,CC#CCCC,66.9,,Pfefferle
35,CC#CCCCC,75.2,,Pfefferle
36,CC#CCCCCC,81.2,,Pfefferle
37,CCC(C)CCCC(C)CCCC(C)C,109.8,,Pfefferle
38,CCCCCOCCCCC,49.8,,Pfefferle
39,CCOCCOCCO,15.1,,Pfefferle
40,COC(C)COC(C)COC(C)CO,40.6,,Pfefferle
41,CCCCCCCC(C)O,47.3,,Pfefferle
42,CCCCCCOC(=O)CCCCC,66.7,,Pfefferle
43,CCCCCCCCCC(=O)OC,50.4,,Pfefferle
44,CCCCOC(CCC)CCC,60.3,,Pfefferle
45,CCCCCC(CCCCC)OCC,68.5,,Pfefferle
46,CCCCCCOC(CCC)CCC,73.3,,Pfefferle
47,CCCCCCCCCCC(=O)OC,58.5,,Pfefferle
48,O=CCc1ccccc1,217.6,,Pfefferle
49,CC(=O)c1ccccc1,130.8,,Pfefferle
50,Cc1ccco1,41.5,,Pfefferle
51,CCc1ccco1,46.9,,Pfefferle
52,CCCc1ccco1,53.8,,Pfefferle
53,CCCCc1ccco1,58.6,,Pfefferle
54,Cc1ccoc1C,54.6,,Pfefferle
55,Cc1ccc(C)o1,55.1,,Pfefferle
56,C1CCOC1,20.1,,Pfefferle
57,C1=COCC1,24.9418789,,Pfefferle
58,C1=CCOC1,25.1153902,,Pfefferle
59,CC1CCCO1,30.55889337,,Pfefferle
60,CC1CCC(C)O1,43.4,,Pfefferle
61,O=Cc1ccco1,28.3,,Pfefferle
62,OCc1ccco1,38.06353139,,Pfefferle
63,Cc1ccc(C=O)o1,44.11601392,,Pfefferle
64,COc1ccccc1,111,,Pfefferle
65,OCc1ccccc1,189,,Pfefferle
66,Cc1cccc(O)c1,103,,Pfefferle
67,O=Cc1ccccc1,119,,Pfefferle
68,CCc1ccccc1,216,,Pfefferle
69,CCOc1ccccc1,112,,Pfefferle
70,COCc1ccccc1,202,,Pfefferle
71,CC(O)c1ccccc1,142,,Pfefferle
72,OCCc1ccccc1,207,,Pfefferle
73,CCc1ccccc1O,120,,Pfefferle
74,CCc1cccc(O)c1,138,,Pfefferle
75,Cc1ccccc1C,200,,Pfefferle
76,Cc1ccc(C)cc1,202,,Pfefferle
77,COc1ccccc1C,122,,Pfefferle
78,COc1cccc(C)c1,126,,Pfefferle
79,COc1ccc(C)cc1,123,,Pfefferle
80,Cc1cccc(CO)c1,243,,Pfefferle
81,Cc1ccc(O)c(C)c1,144,,Pfefferle
82,Nc1ccccc1,84.56914113,,Pfefferle
83,CCCCCCN,26.63057754,,Pfefferle
84,c1ccncc1,34.6323542,,Pfefferle
85,C1CCNCC1,23.05635044,,Pfefferle
86,C1COCCN1,8.768395092,,Pfefferle
87,C1CCNC1,13.84318013,,Pfefferle
88,CC(C)NC(C)C,32.00716564,,Pfefferle
89,CC(C)(C)N,21.09697983,,Pfefferle
90,CCCCN,15.04215796,,Pfefferle
91,CC(C)CN,23.36464274,,Pfefferle
92,CCC(C)N,18.55823394,,Pfefferle
93,CNC(C)C,18.10543146,,Pfefferle
94,Cc1ccccn1,64.97090146,,Pfefferle
95,Cc1cccnc1,66.0562009,,Pfefferle
96,Cc1ccncc1,65.65246501,,Pfefferle
97,Cc1ccccc1N,114.4255294,,Pfefferle
98,Cc1cccc(N)c1,119.647186,,Pfefferle
99,CC1CCCCN1,27.31104739,,Pfefferle
100,CC1CCCNC1,33.6263656,,Pfefferle
101,CCCNCCC,22.45477328,,Pfefferle
102,CC(C)(C)CCN,40.79086278,,Pfefferle
103,C1=CCNCC1,32.92668155,,Pfefferle
104,C#CCN,25.35433141,,Pfefferle
105,C=CCN(C)C,34.60957652,,Pfefferle
106,C=CCN,30.79115174,,Pfefferle
107,NC=O,-3.101523802,,Pfefferle
108,CCNC=O,4.309106681,,Pfefferle
109,CCCCCNC=O,19.13820219,,Pfefferle
110,O=CNCCc1ccccc1,216.7834315,,Pfefferle
111,c1ccc2ncccc2c1,214.5991418,,Pfefferle
112,CCCCNCCCC,31.27368765,,Pfefferle
113,CCCCN(CCCC)CCCC,53.38336142,,Pfefferle
114,CN(C)C=O,6.550386843,,Pfefferle
115,CC(=O)N(C)C,9.688635793,,Pfefferle
116,Cc1ccc2ccccc2n1,311.1865273,,Pfefferle
117,CCCCNc1ccccc1,124.4855873,,Pfefferle
118,CCCCC(CC)CO[N+](=O)[O-],39.15580129,,Pfefferle
119,CCCCON=O,11.20918343,,Pfefferle
120,CC(C)(C)ON=O,11.19284154,,Pfefferle
121,CC(C)O[N+](=O)[O-],1.053112827,,Pfefferle
122,Cn1ccc2ccccc21,220.1179267,,Pfefferle
123,c1ccc2c(c1)CCN2,176.0525589,,Pfefferle
124,N=C(c1ccccc1)c1ccccc1,447.5709225,,Pfefferle
125,C1CN=C2CCCN2C1,27.89167748,,Pfefferle
126,c1ccc2c(c1)CCCN2,155.0636433,,Pfefferle
127,CC#N,1.029007561,,Pfefferle
128,C=CC#N,12.85554465,,Pfefferle
129,c1ccnnc1,15.43851191,,Pfefferle
130,CC(=O)n1ccc2ccccc21,187.0776255,,Pfefferle
131,C1CNC1,6.102034366,,Pfefferle
132,CC(C)(C)C(=N)C(C)(C)C,62.29861294,,Pfefferle
133,CCC(=O)NC,7.022612207,,Pfefferle
134,C1CCC2=NCCCN2CC1,45.91272698,,Pfefferle
135,O=[N+]([O-])c1ccccc1,98.94593855,,Pfefferle
136,c1cc[nH]c1,22.91453586,,Pfefferle
137,NCc1ccccc1,196.8211718,,Pfefferle
138,CCCCC#N,21.65767373,,Pfefferle
139,CNCc1ccccc1,193.0460888,,Pfefferle
140,CCNc1ccccc1,110.8116618,,Pfefferle
141,CNc1ccccc1,104.1713724,,Pfefferle
142,CCC#N,11.40452112,,Pfefferle
143,CC(N)c1ccccc1,143.8798862,,Pfefferle
144,CCCC#N,15.77524525,,Pfefferle
145,C=CC(OC)OC,15.5,,Pfefferle
146,C=CC(OCC)OCC,26.6,,Pfefferle
147,CCCCOCOCCCC,47.7,,Pfefferle
148,CC1(C)OCC(CO)O1,18.7,,Pfefferle
149,CC1OCCO1,11.1,,Pfefferle
150,CC1(C)OCCO1,17.4,,Pfefferle
151,CC1COC(C)(C)O1,25.6,,Pfefferle
152,CCC1(C)OCCO1,21.1,,Pfefferle
153,CCC(CC)C1OC(C)C(C)O1,57.8,,Pfefferle
154,CCCCC(CC)C1OC(C)C(C)O1,68.5,,Pfefferle
155,CCCC1OC(C)C(C)O1,36.5,,Pfefferle
156,CCCCCC1OC(C)C(C)O1,48.7,,Pfefferle
157,CCCCCCCC1OC(C)C(C)O1,63.2,,Pfefferle
158,CCCCCC(OCC)OCC,42.9,,Pfefferle
159,CCCCCCCC(OCC)OCC,59.6,,Pfefferle
160,c1ccc(-c2ccccc2-c2ccccc2)cc1,1338.9,50,Pfefferle
161,c1cc2c3c(c1)ccc1cccc(c13)C2,1312.8,73.5,Pfefferle
162,c1ccc2c(c1)-c1cccc3cccc-2c13,1291.9,72.4,Pfefferle
163,c1ccc(-c2cccc(-c3ccccc3)c2)cc1,1286.6,72.3,Pfefferle
164,c1cc2ccc3cccc4ccc(c1)c2c34,1250.1,70.1,Pfefferle
165,c1ccc(Cc2ccc(-c3ccccc3)cc2)cc1,1192.6,67.2,Pfefferle
166,Cc1c2ccccc2cc2ccccc12,1182.1,44.1,Pfefferle
167,c1ccc(-c2cccc3ccccc23)cc1,1103.7,41.4,Pfefferle
168,c1ccc(C(c2ccccc2)c2ccccc2)cc1,1093.3,61.5,Pfefferle
169,c1ccc2c(c1)CCc1ccccc1C2,1067.2,40.1,Pfefferle
170,Cc1cccc2c1Cc1ccccc1-2,1014.9,38.2,Pfefferle
171,c1ccc2c(c1)Cc1ccccc1C2,988.8,37,Pfefferle
172,c1ccc2c(c1)Cc1ccccc1-2,988.8,37,Pfefferle
173,Cc1ccccc1-c1ccccc1C,983.5,36.9,Pfefferle
174,c1ccc2cc3ccccc3cc2c1,962.6,103.7,Pfefferle
175,c1ccc2c(c1)CCc1ccccc1-2,952.2,35.7,Pfefferle
176,c1ccc2c(c1)ccc1ccccc12,941.7,35.1,Pfefferle
177,C1=C(c2ccccc2)Cc2ccccc21,931.3,35,Pfefferle
178,Cc1cccc(-c2cccc(C)c2)c1,931.3,52.9,Pfefferle
179,Cc1ccc(-c2ccc(C)cc2)cc1,899.9,51.2,Pfefferle
180,Cc1ccccc1-c1ccccc1,863.3,32.5,Pfefferle
181,CCCCCc1ccc(-c2ccccc2)cc1,863.3,32.5,Pfefferle
182,CCCCc1ccc(-c2ccccc2)cc1,847.7,31.8,Pfefferle
183,CCCc1ccc(-c2ccccc2)cc1,821.5,30.6,Pfefferle
184,CCc1ccc(-c2ccccc2)cc1,811.1,30.5,Pfefferle
185,CCC(c1ccccc1)c1ccccc1,805.8,30.5,Pfefferle
186,c1cc2c3c(cccc3c1)CC2,805.8,30.5,Pfefferle
187,Cc1cccc2c(C)cccc12,779.7,29.3,Pfefferle
188,Cc1cccc(-c2ccccc2)c1,779.7,29.3,Pfefferle
189,Cc1ccc2cc(C)ccc2c1,774.5,29.2,Pfefferle
190,Cc1ccc(-c2ccccc2)cc1,769.3,28.7,Pfefferle
191,C/C(=C\c1ccccc1)c1ccccc1,753.6,28.5,Pfefferle
192,Cc1cc2ccccc2cc1C,748.4,28,Pfefferle
193,C=C(c1ccccc1)c1ccccc1,743.1,28,Pfefferle
194,Cc1ccc2ccccc2c1C,743.1,28,Pfefferle
195,Cc1cc(C)c2ccccc2c1,743.1,28,Pfefferle
196,CCc1cccc2ccccc12,732.7,27.4,Pfefferle
197,CC(C)(c1ccccc1)c1ccccc1,727.5,27.3,Pfefferle
198,Cc1ccc(C)c2ccccc12,711.8,26.7,Pfefferle
199,CCc1ccc2ccccc2c1,701.3,26.6,Pfefferle
200,Cc1cccc2ccccc12,649.1,24.7,Pfefferle
201,Cc1ccc2ccccc2c1,649.1,24.7,Pfefferle
202,C(#Cc1ccccc1)c1ccccc1,638.6,24.1,Pfefferle
203,c1ccc(-c2ccccc2)cc1,612.5,22.9,Pfefferle
204,c1ccc(Cc2ccccc2)cc1,612.5,22.9,Pfefferle
205,Cc1cccc2c1CCCC2C,607.3,22.9,Pfefferle
206,C(=C\c1ccccc1)\c1ccccc1,602,22.8,Pfefferle
207,C(=C/c1ccccc1)\c1ccccc1,602,34.8,Pfefferle
208,Cc1c(C)c(C)c(C)c(C)c1C,565.4,21.5,Pfefferle
209,Cc1ccc(CCc2ccc(C)cc2)cc1,549.8,20.9,Pfefferle
210,C#Cc1cc(C)ccc1C,512.7,19.6,Pfefferle
211,CC1=Cc2ccccc2C1,500.1,19.1,Pfefferle
212,c1ccc2cccc-2cc1,492.3,19,Pfefferle
213,C#Cc1ccccc1C,485,18.5,Pfefferle
214,Cc1cc(C)c(C)c(C)c1C,481.8,18.4,Pfefferle
215,CCC#Cc1ccccc1,480.8,18.4,Pfefferle
216,c1ccc(CCc2ccccc2)cc1,471.4,17.9,Pfefferle
217,C=Cc1cc(C)ccc1C,469.3,17.8,Pfefferle
218,C1=Cc2ccccc2C1,467.7,17.8,Pfefferle
219,C1=Cc2ccccc2CC1,466.1,17.8,Pfefferle
220,c1ccc2ccccc2c1,466.1,8.4,Pfefferle
221,C#CCc1ccccc1,443.7,17.1,Pfefferle
222,C#Cc1ccc(CC)cc1,442.6,17.1,Pfefferle
223,c1ccc2c(c1)CCC2,439.5,16.6,Pfefferle
224,CC(C)=Cc1ccccc1,436.9,16.6,Pfefferle
225,CC#Cc1ccccc1,427.5,16.5,Pfefferle
226,c1ccc(CCCc2ccccc2)cc1,413.9,15.9,Pfefferle
227,Cc1ccc(C(C)(C)C)cc1,410.8,15.9,Pfefferle
228,C=Cc1ccccc1C,408.1,15.9,Pfefferle
229,Cc1ccc(C)c(C)c1C,393,15.3,Pfefferle
230,Cc1cc(C)c(C)cc1C,393,15.3,Pfefferle
231,Cc1cc(C)c(C)c(C)c1,386.2,14.8,Pfefferle
232,C#Cc1cccc(C)c1,384.6,14.7,Pfefferle
233,c1ccc(C2CCCCC2)cc1,377.3,14.7,Pfefferle
234,CCc1ccccc1CC,376.3,14.7,Pfefferle
235,C#Cc1ccc(C)cc1,374.7,14.7,Pfefferle
236,CC(C)c1cccc(C(C)C)c1,353.3,14,Pfefferle
237,C/C=C/c1ccccc1,352.2,13.5,Pfefferle
238,c1ccc(C2CC2)cc1,343.9,13.5,Pfefferle
239,c1ccc2c(c1)CCCC2,336,13.4,Pfefferle
240,Cc1ccc(C(C)C)cc1,330.3,12.9,Pfefferle
241,CCCCCCCCCCCCCCc1ccccc1,330.3,20.2,Pfefferle
242,C=Cc1cccc(C)c1,322.4,12.8,Pfefferle
243,CCc1cccc(CC)c1,320.9,12.8,Pfefferle
244,O=C(c1ccccc1)c1ccccc1,319.8,19.6,Pfefferle
245,CCCCCCCCCCCCCc1ccccc1,319.8,12.8,Pfefferle
246,C=Cc1ccc(C)cc1,318.8,12.8,Pfefferle
247,Cc1cccc(C)c1C,315.1,12.3,Pfefferle
248,C=CCc1ccccc1,310.9,12.3,Pfefferle
249,Cc1cc(C)cc(C)c1,310.9,12.3,Pfefferle
250,Cc1ccc(C)c(C)c1,308.3,12.2,Pfefferle
251,CCCCCCCCCCCCc1ccccc1,304.1,12.2,Pfefferle
252,C#CCCc1ccccc1,298.9,11.7,Pfefferle
253,CCCCCCCCCCCc1ccccc1,293.7,11.7,Pfefferle
254,CC(C)(C)c1ccccc1,291.1,11.6,Pfefferle
255,C=C(C)c1ccccc1,286.4,11.6,Pfefferle
256,CCCCCCCCCCc1ccccc1,283.2,11.6,Pfefferle
257,CCCCCCCCCc1ccccc1,283.2,11.6,Pfefferle
258,CCc1cccc(C)c1,278,11.1,Pfefferle
259,C=CCCc1ccccc1,275.9,11.1,Pfefferle
260,CC(C)(C)Cc1ccccc1,272.8,11,Pfefferle
261,CCc1ccc(CC)cc1,270.7,11,Pfefferle
262,CCc1ccccc1C,267,11,Pfefferle
263,CC(C)CCc1ccccc1,258.1,10.5,Pfefferle
264,CC(C)Cc1ccccc1,257.6,10.5,Pfefferle
265,CCc1ccc(C)cc1,257.1,10.5,Pfefferle
266,CCCCCCCc1ccccc1,257.1,10.5,Pfefferle
267,CCCCCCCCc1ccccc1,257.1,10.5,Pfefferle
268,CCCCCc1ccccc1,255,10.5,Pfefferle
269,CCCCCCc1ccccc1,246.7,9.9,Pfefferle
270,CCCCc1ccccc1,245.1,9.9,Pfefferle
271,c1ccc(Oc2ccccc2)cc1,241.4,9.9,Pfefferle
272,CCCc1ccccc1,235.7,9.9,Pfefferle
273,Cc1cccc(C)c1,221.6,9.3,Pfefferle
274,C#Cc1ccccc1,216.3,9.3,Pfefferle
275,CCC(C)c1ccccc1,199.1,8.7,Pfefferle
276,CC1=CC2C3CC(C=C3C)C2C1,189.2,8.2,Pfefferle
277,CC(C)c1ccccc1,187.6,8.2,Pfefferle
278,CC1=CCC=CC1,175.6,7.7,Pfefferle
279,C=Cc1ccccc1,174,7.7,Pfefferle
280,Cc1ccccc1,170.9,7.7,Pfefferle
281,C1=CC2C3C=CC(C3)C2C1,157.8,7.2,Pfefferle
282,Brc1ccccc1,137.4,6.7,Pfefferle
283,Clc1ccccc1,128,6.7,Pfefferle
284,N#Cc1ccccc1,115,6.3,Pfefferle
285,Fc1ccccc1,106.6,5.8,Pfefferle
286,C1CCC2CCCCC2C1,105.5,5.8,Pfefferle
287,C1=CCC=CC1,101.4,5.8,Pfefferle
288,c1ccccc1,100.3,5.8,Pfefferle
289,C1CCC(C2CCCCC2)CC1,117.1,5.9,Pfefferle
290,CC(CC(C)(C)C)CC(C)(C)C,99.3,2.9,Pfefferle
291,C1=CCCC=C1,98.8,5.8,Pfefferle
292,CC1=CCCC1,96.5,2.8,Pfefferle
293,C=CCCCCCCCCCC,90.3,2.6,Pfefferle
294,CC(C)=CC(C)(C)C,89.3,2.6,Pfefferle
295,CC(C)=C(C)C(C)C,87,2.5,Pfefferle
296,CC1CCC(C)C(C)C1,82.8,2.4,Pfefferle
297,CCCCC1CCCCC1,76.8,2.2,Pfefferle
298,C=CCCCCCCCC,74.8,2.2,Pfefferle
299,CC(C)C1CCCCC1,74.7,2.2,Pfefferle
300,C#CCCCCCC,74.1,2.2,Pfefferle
301,C=C(C)C(C)(C)C,72.8,2.2,Pfefferle
302,C1=CCCC1,70.2,2.1,Pfefferle
303,CCCC1CCCCC1,69.2,2.1,Pfefferle
304,C=C(C)CC(C)(C)C,68.5,2.1,Pfefferle
305,CC1(C)CCCCC1,67.9,2.1,Pfefferle
306,C=CCCC(=C)C,67.7,2.1,Pfefferle
307,CC1CCCC(C)C1,67.6,2.1,Pfefferle
308,CC1CCC(C)CC1,67.6,2.1,Pfefferle
309,CC(C)(C)C(=O)C(C)(C)C,65.8,2,Pfefferle
310,C[C@H]1CCCC[C@H]1C,65.2,2,Pfefferle
311,CCCCC=C(C)C,64.5,2,Pfefferle
312,C=CCCCCCCC,64.4,2,Pfefferle
313,CC(C)CCOCCC(C)C,63.6,2,Pfefferle
314,CC(C)=C(C)C,62.4,2,Pfefferle
315,CC(CC=O)CC(C)(C)C,62.3,2,Pfefferle
316,COC1CCCC1,62.3,2,Pfefferle
317,CC(C)CC(C)(C)C,61.7,2,Pfefferle
318,C=CCC(C)(C)C,61.4,2,Pfefferle
319,CC(C)C(C)C(C)C,60.9,2,Pfefferle
320,CCC1CCCCC1,60.7,2,Pfefferle
321,CCCCC(C)C(C)C,60.2,2,Pfefferle
322,CC=C(CC)CC,59.8,2,Pfefferle
323,CCC/C=C/CCC,59.8,2,Pfefferle
324,CC(CO)CC(C)(C)C,59,2,Pfefferle
325,CC/C=C/CCCC,58.8,2,Pfefferle
326,CCC1CCCC1,58.6,2,Pfefferle
327,C1CCCCCCC1,57.7,2,Pfefferle
328,C/C=C/CCCCC,56.7,2,Pfefferle
329,C=C(C)CCCCC,56.6,2,Pfefferle
330,CCC(C)CC(C)C,56.1,2,Pfefferle
331,CC(C)CCC(C)C,56.1,2,Pfefferle
332,C=CCCCCCC,56,2,Pfefferle
333,CC(C)CC(=O)CC(C)C,55.8,2,Pfefferle
334,C=CCC(C)CC,55.8,2,Pfefferle
335,CC(C)C(C)(C)C,55.3,2,Pfefferle
336,CCC(C)C(C)CC,55.2,2,Pfefferle
337,CC#CCC,54.7,2,Pfefferle
338,C/C=C\C(C)C,54.1,2,Pfefferle
339,CCC(C)OC(C)CC,54,2,Pfefferle
340,C/C=C(\C)CC,53.7,2,Pfefferle
341,CCC=C(C)C,53.6,2,Pfefferle
342,CC1CCCCC1,53.6,2,Pfefferle
343,CC/C=C/CCC,53.5,2,Pfefferle
344,C=C(C)C(C)C,53.4,2,Pfefferle
345,C=CC(C)(C)C,53.1,2,Pfefferle
346,CCCCC(C)(C)C,52.8,2,Pfefferle
347,CCCCCCCCCC=O,52.8,2,Pfefferle
348,CCCCCCCCC(C)=O,51.9,2,Pfefferle
349,C/C=C\CCCC,50.8,2,Pfefferle
350,CCCC(CO)CCC,50.5,2,Pfefferle
351,CCCCC(CC)CO,50.4,2,Pfefferle
352,CC1CCCC1,50.3,2,Pfefferle
353,CCCCCCCC(=O)CC,50.2,2,Pfefferle
354,C=CCC(C)C,50.2,2,Pfefferle
355,CCCCCCCCC,50.1,2,Pfefferle
356,C1CCCCCC1,50,2,Pfefferle
357,CC(C)CC(C)C,49.6,2,Pfefferle
358,CCC(C)C(C)C,49.4,2,Pfefferle
359,CCCCCC(C)C,49.4,2,Pfefferle
360,C=C(C)CCCC,49.1,2,Pfefferle
361,CCCCC(C)CC,48.7,2,Pfefferle
362,C=CCCCCC,48.4,2,Pfefferle
363,CCCCC(C=O)CCCC,48.2,2,Pfefferle
364,CCCC(C)CCC,48.1,2,Pfefferle
365,CCC(C)(C)CC,47.7,2,Pfefferle
366,CCCC(C)(C)C,47.4,2,Pfefferle
367,C#CCCC,47.3,2,Pfefferle
368,CC/C=C/CC,47.2,2,Pfefferle
369,CCCCCCC(C)O,46.1,2,Pfefferle
370,CCC(O)C(C)(C)C,46,2,Pfefferle
371,C/C=C/CCC,45.8,2,Pfefferle
372,C=C(CC)CC,45.6,2,Pfefferle
373,C1=CCCCC1,45.6,2,Pfefferle
374,CC/C=C/CC(=O)OC,45.3,2,Pfefferle
375,CCCCCCCC(C)=O,45.1,2,Pfefferle
376,C=CC(C)CC,45.1,2,Pfefferle
377,CC(C)CCC(C)O,44.7,2,Pfefferle
378,C/C=C\CCC,44.7,2,Pfefferle
379,CC(O)COC(C)(C)C,44,2,Pfefferle
380,CC(C)C(C)C,44,2,Pfefferle
381,CCCCC(O)CCC,43.8,2,Pfefferle
382,CCCCCCCCC=O,43.7,2,Pfefferle
383,CCCCCC(O)CC,43.6,2,Pfefferle
384,CC(=O)OCCC(C)C,43.6,2,Pfefferle
385,CC=C(C)C,43.5,2,Pfefferle
386,CCC(=O)CC(C)CC,43.5,2,Pfefferle
387,CCC(C)(C)C,43.4,2,Pfefferle
388,CCCCOC(=O)CC,43.3,2,Pfefferle
389,CCCC(C)CC,43,2,Pfefferle
390,CCCCCCC(=O)CC,43,2,Pfefferle
391,C=C(C)CCC,42.9,2,Pfefferle
392,CC(=O)CC(C)(C)C,42.7,2,Pfefferle
393,C1CCCCC1,42.7,2,Pfefferle
394,CC(C)C(=O)C(C)C,42.6,2,Pfefferle
395,CCCCCCCC,42.6,2,Pfefferle
396,C=CCCCC,42.4,2,Pfefferle
397,CCCCC(C)C,42.4,2,Pfefferle
398,OC1CCCCC1,42.3,2,Pfefferle
399,CC(C)CC(C)O,42,2.1,Pfefferle
400,CCC=C(C)C(=O)OC,42,2.1,Pfefferle
401,CC(C)C(O)C(C)C,41.9,2.1,Pfefferle
402,CCCCC(C)(C)O,41.8,2.1,Pfefferle
403,CCCCC(=O)CCCC,41.8,2.1,Pfefferle
404,CCC(CC)CO,41.7,2.1,Pfefferle
405,C=CCCC(=O)OCC,41.2,2.1,Pfefferle
406,CCCCCCCCO,41.1,2.1,Pfefferle
407,CCC(=O)OCC(C)C,41.1,2.1,Pfefferle
408,CC(C)(C)CCO,40.9,2.1,Pfefferle
409,CC(C)C(C)(C)O,40.6,2.1,Pfefferle
410,CC(=O)C(C)(C)C,40.6,2.1,Pfefferle
411,CCC(O)(CC)CC,40.5,2.1,Pfefferle
412,CCC(=O)OC(C)(C)C,40.5,2.1,Pfefferle
413,CC(O)C(C)(C)C,40.4,2.1,Pfefferle
414,CCCCCOC(C)=O,40.4,2.1,Pfefferle
415,C/C=C\CC,39.8,2.1,Pfefferle
416,CCOC(=O)C=C(C)C,39.5,2.1,Pfefferle
417,CCCCCC(C)O,39.4,2.1,Pfefferle
418,C1CCCC1,39.4,2.1,Pfefferle
419,C=CCCCC(=O)OC,39.2,2.1,Pfefferle
420,CCCCCCCC(=O)OC,38.9,2.1,Pfefferle
421,C/C=C/CC(=O)OC,38.8,2.1,Pfefferle
422,CCCCOCCCC,38.7,2.1,Pfefferle
423,CC(C)OC(C)C,38.7,2.1,Pfefferle
424,CCCCC(O)CC,38.5,2.1,Pfefferle
425,CCCC(O)CCC,38.5,2.1,Pfefferle
426,CC(C)(C)CC=O,38.4,2.1,Pfefferle
427,CCC(C)CC,38.2,2.1,Pfefferle
428,CC(C)CCOC=O,38.2,2.1,Pfefferle
429,CCC(C)(C)OC,38.1,2.1,Pfefferle
430,C/C=C(/C)C(=O)OC,38,2.1,Pfefferle
431,CCCCCCC(C)=O,37.9,2.1,Pfefferle
432,CCOC(C)(C)C,37.9,2.1,Pfefferle
433,CCC(C)C(C)O,37.7,2.1,Pfefferle
434,CCCCCCCC=O,37.5,2.1,Pfefferle
435,CCCOC(=O)CCC,37.3,2.1,Pfefferle
436,C=C(C)C(=O)OCCC,37.1,2.1,Pfefferle
437,CCCC(C)C,36.7,2.1,Pfefferle
438,CCCCC(C=O)CC,36.6,2.1,Pfefferle
439,CCOC(=O)CC(C)C,36.6,2.1,Pfefferle
440,CCCC(C)(C)O,36.4,2.1,Pfefferle
441,COC(=O)C=C(C)C,36.4,2.1,Pfefferle
442,CCC(C)CCO,36.3,2.1,Pfefferle
443,CCCC(=O)OC(C)C,36.3,2.1,Pfefferle
444,CCCCCC(=O)CC,36,2.2,Pfefferle
445,CCCCOC(C)=O,36,2.2,Pfefferle
446,CCCCCCC,36,2.2,Pfefferle
447,CCCC(=O)C(C)C,35.9,2.2,Pfefferle
448,CCC/C=C/C(=O)OC,35.9,2.2,Pfefferle
449,CCCC(C)CO,35.8,2.2,Pfefferle
450,CCCCCOC=O,35.7,2.2,Pfefferle
451,CC(C)CCCO,35.6,2.2,Pfefferle
452,CCC(C)OC(C)=O,34.9,2.2,Pfefferle
453,CC(=O)OCC(C)C,34.8,2.2,Pfefferle
454,CCCCCCCO,34.7,2.2,Pfefferle
455,CCCOC(=O)OCCC,34.5,2.2,Pfefferle
456,O=C1CCCCC1,34.3,2.2,Pfefferle
457,CCCCC(C)O,34.1,2.2,Pfefferle
458,C/C=C(\C)C(=O)OCC,34,2.2,Pfefferle
459,CCCC(O)CC,33.9,2.2,Pfefferle
460,CCCCCCC=O,33.8,2.2,Pfefferle
461,CC/C=C/C(=O)OC,33.6,2.2,Pfefferle
462,CC(C)C(C)O,33.3,2.2,Pfefferle
463,C=CCCC(=O)OC,33.3,2.2,Pfefferle
464,COC(C)(C)CCO,33.2,2.2,Pfefferle
465,CCC(C)(C)O,32.9,2.2,Pfefferle
466,CC(=O)CC(C)C,32.8,2.2,Pfefferle
467,CC(=O)OC(C)(C)C,32.7,2.2,Pfefferle
468,CCCCCCC(=O)OC,32.5,2.2,Pfefferle
469,CCC(C)CO,32.3,2.2,Pfefferle
470,CC(C)CCO,31.9,2.2,Pfefferle
471,CCCOC(=O)CC,31.9,2.2,Pfefferle
472,CCCCOCC(C)O,31.7,2.2,Pfefferle
473,COC(C)(C)C,31.5,2.2,Pfefferle
474,CCCCOC=O,31,2.3,Pfefferle
475,COC(=O)C(C)(C)C,30.8,2.3,Pfefferle
476,CCC(=O)C(C)C,30.7,2.3,Pfefferle
477,CCCCC(=O)CC,30.7,2.3,Pfefferle
478,CC(C)(C)C=O,30.6,2.3,Pfefferle
479,CCCCCC(C)=O,30.4,2.3,Pfefferle
480,CC(C)COC=O,30.4,2.3,Pfefferle
481,CCCCCC,30.4,2.3,Pfefferle
482,C/C=C/C(=O)OCC,30.3,2.3,Pfefferle
483,CCCC(C)O,30.2,2.3,Pfefferle
484,CCCCCCO,30,2.3,Pfefferle
485,CCC(C)(C)C(=O)O,30,2.3,Pfefferle
486,C=CC(=O)OCCC,30,2.3,Pfefferle
487,CC(C)(C)OC=O,30,2.3,Pfefferle
488,CCOC(=O)C(C)CC,29.3,2.3,Pfefferle
489,CCC(O)CC,29.1,2.3,Pfefferle
490,CCC(C=O)CC,29,2.3,Pfefferle
491,CCC(C)C(C)=O,29,2.3,Pfefferle
492,C=C(C)C(=O)OC,29,2.3,Pfefferle
493,CCC(C)OC,28.6,2.3,Pfefferle
494,CCCC(=O)CCC,28.5,2.3,Pfefferle
495,CCCCC(=O)OCC,28.4,2.3,Pfefferle
496,COC(=O)CC(C)C,28.4,2.3,Pfefferle
497,CCCOCCC,28,2.3,Pfefferle
498,CC(C)CC=O,27.9,2.3,Pfefferle
499,CCCC(C)C=O,27.6,2.3,Pfefferle
500,CC(C)(C)O,27.5,2.3,Pfefferle
501,CCOC(CC)OCC,27.3,2.4,Pfefferle
502,C/C=C/C(=O)OC,27.3,2.4,Pfefferle
503,CCCCCC=O,26.7,2.4,Pfefferle
504,CCCCCC(=O)OC,26.7,2.4,Pfefferle
505,CC(=O)C(C)C,26.6,2.4,Pfefferle
506,C1CCOCC1,26.5,2.4,Pfefferle
507,CC(C)CO,26.2,2.4,Pfefferle
508,CCOC(=O)C(C)C,26.1,2.4,Pfefferle
509,CCC(CC)C(=O)O,25.9,2.4,Pfefferle
510,CCCOCC(C)O,25.8,2.4,Pfefferle
511,CCCCC(C)=O,25.6,2.4,Pfefferle
512,CC(C)OCCO,25.5,2.4,Pfefferle
513,CCCC(=O)CC,25.5,2.4,Pfefferle
514,CCCC(=O)OCC,25.5,2.4,Pfefferle
515,CCCCCO,25.4,2.4,Pfefferle
516,C=C(C)C(=O)OCC,25.4,2.4,Pfefferle
517,CC[C@H](C)O,25.3,2.4,Pfefferle
518,CCCCOCCO,25.3,2.4,Pfefferle
519,CC[C@@H](C)O,25.2,2.4,Pfefferle
520,CCC(C)C(=O)OC,24.9,2.4,Pfefferle
521,CCC(C)O,24.8,2.4,Pfefferle
522,CCCCC,24.6,2.4,Pfefferle
523,CCCOC(C)=O,24.4,2.4,Pfefferle
524,CC(=O)OC(C)C,23.7,2.5,Pfefferle
525,CCCCOC,23,2.5,Pfefferle
526,CCC(C)C=O,22.7,2.5,Pfefferle
527,CCOC(C)OCC,22.4,2.5,Pfefferle
528,CCCCC(=O)OC,22.3,2.5,Pfefferle
529,COC(=O)C(C)C,22.2,2.5,Pfefferle
530,COC1CCCCO1,22.1,2.5,Pfefferle
531,CCCCO,22,2.5,Pfefferle
532,C=CC(=O)OCC,22,2.5,Pfefferle
533,CC(C)C=O,21.2,2.5,Pfefferle
534,CCCC(C)=O,21.1,2.5,Pfefferle
535,CCC(=O)CC,21.1,2.5,Pfefferle
536,CCCCC=O,21.1,2.5,Pfefferle
537,CCOCCOCC,20.4,2.6,Pfefferle
538,CCOC(=O)CC,20.3,2.6,Pfefferle
539,CC(C)OC=O,20.3,2.6,Pfefferle
540,CCCOC=O,20.3,2.6,Pfefferle
541,CCC(O)COC,19.8,2.6,Pfefferle
542,C=CC(=O)OC,19.4,2.6,Pfefferle
543,CC(C)O,19.2,2.6,Pfefferle
544,CCC1CO1,18.8,2.6,Pfefferle
545,CC(C)C(=O)O,18.8,2.6,Pfefferle
546,COCC(C)OC,18.6,2.6,Pfefferle
547,CCCC(=O)OC,18.6,2.6,Pfefferle
548,CCOCOCC,18.5,2.6,Pfefferle
549,CCCC(=O)O,18.1,2.6,Pfefferle
550,CCCOC,18,2.6,Pfefferle
551,COCCCO,17.9,2.6,Pfefferle
552,CCCC=O,17.6,2.6,Pfefferle
553,CCC(C)=O,17.2,2.7,Pfefferle
554,CCOCC,16.8,2.7,Pfefferle
555,COCC(C)O,16.4,2.7,Pfefferle
556,COC(C)(C)OC,16.4,2.7,Pfefferle
557,CCCO,16.2,2.7,Pfefferle
558,COCCOCCOC,16.1,2.7,Pfefferle
559,CCOCCO,15.7,2.7,Pfefferle
560,CCOC(=O)OCC,15.3,2.7,Pfefferle
561,COCCOCCO,15,2.7,Pfefferle
562,CCC(=O)OC,15,2.7,Pfefferle
563,COC(OC)C(C)=O,14.8,2.7,Pfefferle
564,COC(OC)(OC)OC,14.8,2.7,Pfefferle
565,COC(C)OC,14.2,2.8,Pfefferle
566,CCC=O,13.9,2.8,Pfefferle
567,CC(O)CO,13.7,2.8,Pfefferle
568,CCOC(C)=O,13.4,2.8,Pfefferle
569,CC(C)=O,13,2.8,Pfefferle
570,COC(OC)OC,12.8,2.8,Pfefferle
571,COC(C)(OC)OC,12.7,2.8,Pfefferle
572,COCCOC,11.8,2.8,Pfefferle
573,COC(C)=O,11.7,2.8,Pfefferle
574,COCOC,10.9,2.9,Pfefferle
575,COC(=O)OC,10.5,2.9,Pfefferle
576,C1COCO1,10.3,2.9,Pfefferle
577,CCO,10.3,2.9,Pfefferle
578,COC(=O)[C@H](C)O,9.6,2.9,Pfefferle
579,CCOC=O,9.2,2.9,Pfefferle
580,OCCO,8.2,3,Pfefferle
581,CO,6.6,3,Pfefferle
582,CC1=CCCCC1,62,3,Pfefferle
583,CC(C)(C)C1=CCCCC1,161,5,Pfefferle
584,C1=C(c2ccccc2)CCCC1,468,14,Pfefferle
585,C1=C\CCCCCC/1,78,4,Pfefferle
586,CC1C=CCCC1,85,4,Pfefferle
587,CC1CC=CCC1,61,3,Pfefferle
588,C1=CCCCCC1,79,4,Pfefferle
589,O=C1CCCC1,22,4,Pfefferle
590,C=CC(C)(C)O,25,4,Pfefferle
591,CCN(CC)CC,25.5,5,Pfefferle
592,CCNCC,13.2,5,Pfefferle
593,CCCCN(C)C,26.1,5,Pfefferle
594,CN1CCCCC1,27.9,5,Pfefferle
595,C=CCNC,25.3,5,Pfefferle
596,CCCCNCC,22.1,5,Pfefferle
597,COCOCOCOC,0.5,5,Pfefferle
598,COCOCOCOCOC,-2.5,5,Pfefferle
599,COCOCOCOCOCOC,-4.8,5,Pfefferle
600,CCCOCOCCC,30.8,5,Pfefferle
601,COCCO,5.9,5,Pfefferle
602,OCCOCCO,7.9,5,Pfefferle
603,CCOCCOCCOCC,17.7,5,Pfefferle
604,CCOC(OCC)(OCC)OCC,25.1,5,Pfefferle
605,CCCCOCOCOCCCC,42.7,5,Pfefferle
606,CCCCOCOCOCOCCCC,37.8,5,Pfefferle
607,CCOCOCOCC,13.8,2,Pfefferle
608,CCOCOCOCOCC,11.9,2,Pfefferle
609,CCCOCOCOCCC,25.5,2,Pfefferle
610,CCCOCOCOCOCCC,21.3,2,Pfefferle
